timestamp,timestamp_sample,xyz[0],xyz[1],xyz[2]
126001689,126001597,0.0006025445,-0.0015218193,0.0018571668
126004181,126004096,0.0016171492,0.0009710626,-0.00023254973
126024177,126024091,0.003720829,0.003400132,-0.00086214376
126041673,126041587,-0.0020531728,-0.00093443925,-0.00075572164
126064165,126064081,-0.0007276519,0.0011080173,-0.0046593263
126084161,126084076,-0.001971241,0.0014313892,0.0005558018
126101657,126101572,0.0073513146,0.0030445694,0.001260362
126121705,126121567,-0.0034861322,0.004685943,-0.00027272687
126144304,126144061,-0.0011043274,-0.0019253711,-0.002401433
126164234,126164056,0.0007704783,0.0018868754,0.0008279545
126181642,126181554,0.0022205298,-0.0015301225,-0.0029731365
126204130,126204046,-0.0009077226,8.4060244e-05,-0.0020321594
126224125,126224041,0.0025110377,0.005424317,-0.0023303588
126241621,126241536,-0.00029322668,0.0036671516,-0.001550039
126261619,126261531,0.0013346719,-0.0022955337,-0.0012147567
126284175,126284026,-0.0014068487,-0.0009901333,-0.00019850745
126304111,126304020,-0.0049564843,-0.0070898035,-0.00034576125
126321598,126321516,0.0024798359,-0.00091463234,-0.0007145095
126344094,126344010,0.002607753,0.0015473408,0.0005816443
126364086,126364005,0.0019041207,0.0017898609,-0.0012302903
126381582,126381500,-0.001560694,-0.0028970712,-0.0031037675
126404081,126403995,-0.0012201534,0.0027249693,-0.0030728492
126424074,126423990,-0.0009278001,-0.0018629422,-6.908289e-05
126444070,126443985,7.303385e-05,0.000893753,-0.0019419997
126461565,126461480,0.00081110746,0.00034705224,-0.001754559
126484059,126483974,-0.0014235438,0.0021062652,-0.0006150417
126504054,126503969,-0.0028331536,0.0051072957,-0.0031786403
126521547,126521465,0.00435007,0.0042338567,-0.00080024387
126544044,126543959,-0.0027978735,-0.00020363787,-0.00059718476
126564039,126563954,0.00017833919,0.004667064,-0.00235376
126584034,126583949,0.0016801418,0.002407228,0.000242543
126601526,126601445,-0.0022817005,-0.00082206633,-0.002456549
126624024,126623939,-0.00069532404,-0.0023596776,-0.00044513063
126644018,126643934,0.0006952323,0.0009311335,0.00026718603
126661514,126661429,-0.0012092788,0.0044548195,-0.0011912052
126684008,126683923,-0.0013189453,-0.0015940517,0.00067527936
126704119,126703919,0.0011926433,-0.0030153212,0.0004714657
126724024,126723914,0.0035550878,0.0018808229,-0.002008058
126741494,126741409,-0.0024010441,-0.00027895533,-0.00093958306
126763989,126763903,-0.00054363767,0.000691778,-0.00212094
126783984,126783898,0.0032450375,-0.0004740986,-0.0013257095
126801478,126801394,-0.0025531922,0.0022240027,-0.0008275488
126823977,126823888,0.00049787946,0.0039166836,-0.0013289789
126843969,126843883,0.00053080777,-0.0034482754,-0.0039005075
126863963,126863878,0.0013290881,0.0032741274,-0.0024250392
126881458,126881374,0.0035361364,-0.0017501968,-0.0012498144
126903953,126903868,0.0023718085,0.0025134876,-0.00504967
126923946,126923863,0.00077923015,0.0005407422,0.0024247344
126941441,126941358,0.0042831646,-0.0032000472,-0.0010497232
126963936,126963852,0.0005685035,0.0010909052,-0.0027287547
126983931,126983847,-0.0004385328,0.0025754573,-0.0039662602
127003927,127003842,-0.0018506595,-0.00055845734,-0.00030722743
127021420,127021338,0.0006656088,-0.002596688,-0.0027092264
127043915,127043832,0.0014696401,-0.00061924383,-0.0014003976
127063914,127063827,0.00043406198,-0.0034019104,-0.0015518174
127081404,127081323,0.0018532015,-0.00025383616,5.7181518e-05
127103939,127103817,-0.0012328415,-0.0033669635,-0.0007082313
127123895,127123812,0.0033925362,-0.0019079358,-0.0016268245
127143890,127143809,-0.0013426726,-0.00083382055,-0.000967554
127161382,127161302,0.001042454,0.0010422193,-0.000315701
127183879,127183797,-0.0034815655,0.0040080165,-0.00040474324
127203874,127203792,0.00359673,-0.0026865094,-0.0012259188
127221366,127221287,-0.0011104853,-0.0003778725,0.004276498
127243863,127243782,0.0005970425,-0.0005115606,-0.0009260235
127263988,127263776,0.0017640218,0.0031606134,-0.0024090419
127283893,127283771,-0.0039916392,-0.00091317436,0.00041348883
127301347,127301267,-0.0020022378,0.0046373894,-0.001832285
127323847,127323763,0.002115969,0.0023869018,-0.0006266438
127343840,127343756,-0.0032260765,0.00018261746,-0.0020573316
127361333,127361252,-0.0013603079,-0.0040818714,-0.000114968105
127383828,127383746,0.0038750563,0.0007679309,-0.00015614164
127403823,127403741,-0.0014044677,-8.9749694e-05,0.0017399506
127423885,127423738,-0.0009545118,-0.00093799504,0.0016553807
127441330,127441231,0.0038410998,0.0043882644,-0.0009988182
127463805,127463726,-8.935318e-05,-0.00024757348,0.0017816976
127483801,127483721,-0.0011950452,-0.0033663344,0.0006686598
127501296,127501216,0.00026040245,-0.0003660149,-0.0025412529
127523791,127523710,-0.0024682886,-0.0032205945,-0.0031379554
127543786,127543705,-0.0033970268,-0.0017096726,-0.000816303
127563781,127563700,-0.0019902415,-0.0005998146,-0.00036981422
127581275,127581196,0.001391951,-0.0019826805,-0.0038146668
127603771,127603690,0.0035429196,0.00015015434,-0.00075886614
127623766,127623685,0.0026560472,-0.003177126,0.0013586022
127641261,127641181,0.0010201614,0.0012502898,-0.0014333344
127663755,127663675,0.00186599,0.0007873848,-0.0017205181
127683751,127683670,0.0044838428,0.0013454617,-0.0005659642
127703748,127703665,-0.0007879834,0.005773124,-0.0027344283
127721241,127721160,-0.0011997123,0.000932937,-0.00019661651
127743735,127743655,0.0009368709,0.002830178,-0.0026916862
127763731,127763649,-0.0027479073,-0.0016792491,-0.0010223399
127781226,127781145,0.0015293919,-0.00026003877,-0.0014805717
127803722,127803639,0.003166657,-0.0025851456,-0.0028872753
127823851,127823634,-0.0048469733,-0.0008566645,0.00020280469
127843761,127843629,-0.00023001921,0.0025279948,-0.0023327465
127861210,127861125,-0.003707306,0.0028782405,-0.0013244018
127883706,127883619,0.0056133545,-0.0031266185,0.00061273994
127904876,127903614,-0.0012001349,-0.0005885614,-0.0014340512
127921191,127921109,0.0016988572,0.00048402091,-0.0013065216
127943687,127943604,-0.00025565992,0.0011865981,0.00038065005
127963684,127963599,0.0014435677,-0.0022070697,-0.0028000479
127983675,127983594,0.0014337534,0.0021203663,0.0007018228
128001172,128001089,-0.0042864503,-0.00016360916,-0.00027143484
128023665,128023583,-0.0006668032,-0.0009886674,-0.0036825747
128043661,128043578,0.0013920143,-0.00017101783,-0.0018228893
128061160,128061074,-0.0009590632,0.0007556011,-0.0015771326
128083650,128083568,-0.0004145091,-0.00012946827,0.00096179324
128103648,128103563,-0.0035447422,-0.0008436404,-0.0022474942
128123642,128123558,0.00063630193,-0.0022478895,0.00053927174
128141136,128141054,0.0016380064,-0.0015285229,-0.0036023315
128163632,128163548,-0.0036863426,-0.00054020574,1.993071e-05
128183627,128183543,0.0032507703,0.0010610055,0.00013394491
128201122,128201039,-0.004545673,0.0012168605,-0.0011054853
128223621,128223533,0.0008694879,-0.0010295217,-0.0017416724
128243670,128243528,0.0021058735,0.0033916337,-0.0009123839
128263605,128263523,0.0043566353,-0.0019878084,-0.0030123177
128281099,128281018,0.00092338794,-5.6374818e-05,-0.00037884054
128303593,128303512,-0.0010519959,-0.005971617,-0.001174688
128323588,128323508,-0.0022128378,0.0021342975,-0.00074862014
128341083,128341003,-0.0013419949,0.0024530073,-0.0015426778
128363581,128363497,0.00017399131,0.0004549725,-0.00013228552
128383725,128383494,-0.00029391283,0.0043740785,-0.0009919407
128403627,128403488,9.4149495e-05,-0.0043699406,-0.0008514416
128423571,128423482,-0.0046026837,-0.0013926174,-0.002788819
128443562,128443480,0.0019351232,-3.8048718e-05,-0.0010256878
128463559,128463478,0.0020526194,-0.0051389085,0.00049076614
128481050,128480967,-0.0037252447,-0.001235255,2.7526345e-05
128503548,128503465,0.00088531733,-0.0018247049,0.0002206486
128523539,128523458,-0.002667276,0.00037722662,0.00048053137
128546033,128545951,-0.0017110069,-0.0004809345,-0.0014004257
128563531,128563449,-0.0023169294,-0.0034097573,-0.0014604616
128583528,128583441,-0.0027518382,-0.004404432,8.4285624e-05
128603527,128603436,0.0049214326,-0.004247764,2.2174325e-05
128621012,128620932,-0.0035022055,0.0003431458,-0.002240891
128643512,128643428,0.0011999707,-0.00065954216,0.00010601926
128663514,128663421,-0.0011614282,0.0010341937,1.7031562e-06
128685997,128685915,-0.0034907938,0.001231222,-0.0026762383
128703493,128703411,-0.00064188056,-0.0013451311,-0.0024398542
128723487,128723406,0.00038302946,-0.0012742844,0.0015517642
128743487,128743401,0.0028364097,-0.0013818536,-0.002732092
128760977,128760896,-0.003086503,0.0008907779,-0.0021995865
128783472,128783390,0.00019604526,-0.0019874824,-0.0014983929
128803471,128803386,-0.0033280544,0.0018935844,0.0012731125
128825962,128825880,0.004392313,-0.0020827185,0.0009591491
128843460,128843375,-0.00044012163,-0.0029769307,0.0001487498
128863454,128863370,-0.0017795323,-0.00021599652,2.6053982e-05
128883449,128883365,-0.0001420225,-0.0044133663,-0.00088976667
128900943,128900861,-0.0038819213,-0.0026698066,-0.0031406363
128923441,128923355,0.00018051476,0.0022206053,-0.00097044406
128943584,128943350,0.0016951154,0.003096736,-0.0029760264
128965982,128965844,0.0004623714,-0.0030101966,-0.0030438234
128983420,128983340,0.0022556607,-0.003865364,0.0021603168
129003416,129003335,-0.00069322134,-0.0005212636,0.00027949456
129023411,129023330,0.0015339146,-7.969141e-05,-0.0028495607
129040910,129040825,0.004041057,-0.0023332555,-0.0016442758
129063400,129063319,0.000855129,-0.0035063392,-0.001357899
129083396,129083314,-0.0025356442,0.0015113512,0.00017305184
129105892,129105809,-0.0040074415,-0.00059480686,-0.00025214825
129123385,129123304,0.003112424,0.0032827316,0.0008255838
129143381,129143299,-0.0008467734,-0.0010957718,-0.00025796756
129163375,129163294,-0.0009501062,0.00010813959,-0.0039174254
129180873,129180790,-0.00010899035,-0.0022997633,-0.001610091
129203368,129203284,-0.0007890987,0.0041200784,-0.00046730184
129223369,129223279,-0.0029765235,-0.004217156,0.0018956618
129245853,129245773,0.0011782835,-0.0034312913,-0.0028090551
129263349,129263269,-0.0052906256,-0.00043628737,-0.0018865132
129283345,129283264,0.0036693003,0.0018166564,-0.0028527793
129303338,129303259,-0.0002503628,-0.000112473965,-0.0011436617
129320836,129320754,0.0012688532,0.0019652178,-0.001601636
129343328,129343248,-0.0033710732,-0.0039771465,-3.2701006e-05
129363325,129363243,0.0025957248,-2.0783395e-05,0.00021206995
129385818,129385738,-4.3377746e-05,0.001823822,-0.00053720415
129403312,129403233,-0.0026159612,0.0031062088,-0.0006806516
129423309,129423228,-0.0008946543,0.0047659506,-0.00047108647
129443306,129443223,0.0005974474,-0.002240459,-0.0017935481
129460799,129460719,-0.0014956343,-0.0016700462,-0.0016574862
129483293,129483213,-0.00020895805,-0.004123364,-1.6460544e-06
129503460,129503208,-0.00043210248,-0.0009536017,0.0018218083
129525845,129525702,-0.0011076254,-0.001400115,-0.0011554696
129543280,129543198,0.0014230192,0.0014996179,-0.0002665416
129563277,129563193,-0.004248976,-0.0011364352,-0.0010769313
129583271,129583187,-0.0004111221,-0.0017468422,-0.0027283207
129603267,129603183,0.00089672883,0.0024503858,3.790442e-05
129623261,129623178,0.0036829289,0.00011533778,3.4329656e-05
129643255,129643172,-0.0036750343,0.0011051111,0.0009875196
129665747,129665667,-0.0008682024,0.00097157527,-0.0028901096
129683245,129683162,-0.0011454832,0.0019728744,-0.0012970585
129703239,129703157,0.00040527177,-0.00021134038,-0.0004945097
129723235,129723152,-0.0024230215,-0.00078687817,0.0004590581
129740729,129740648,-0.00046728156,0.0015754313,-0.0026774877
129763224,129763142,0.00060287374,0.0026780653,0.000439157
129783219,129783137,-0.0023188987,-0.0025482601,-4.477147e-05
129805711,129805631,0.0028873535,-0.0024867258,-0.0010699914
129823209,129823127,-0.0035737483,-0.00021954346,-0.0021120766
129843205,129843122,-0.0014268365,0.0008607106,0.00018714427
129863199,129863117,0.0027379377,-5.5804383e-05,-0.0031444475
129880695,129880612,0.0018799982,-0.0025752946,-4.1483087e-05
129903189,129903107,-0.0029314111,-0.0023758146,-0.0020446414
129923184,129923101,-0.0028985993,-0.003315899,0.00042759534
129945679,129945596,-0.00429727,0.00041083992,-0.0025164764
129963172,129963091,-0.00012004655,0.0042598494,-0.0032837794
129983168,129983086,0.0024968407,-0.0017034169,-0.0018117276
130003164,130003081,-0.003918407,-0.0023264042,-0.00424406
130020659,130020577,-0.00116044,-0.00090075517,-0.0037491464
130043153,130043071,-0.0037105049,1.7354265e-05,0.0023118109
130063150,130063066,0.0017752231,0.00024219695,0.0017554231
130085717,130085560,9.875977e-06,-0.0012508025,-0.00089927367
130103142,130103056,0.0033566176,0.0022229156,0.00085383235
130123134,130123053,0.0024892108,0.0014724047,-0.0026449114
130143127,130143046,0.003575389,0.000116983894,-0.0028543316
130160695,130160545,0.0049408777,-0.0016624187,-0.0024509341
130183117,130183038,0.00015032268,0.00151705,-0.0006487275
130203110,130203030,-0.0017360891,0.0054583135,-0.004504148
130225605,130225525,0.004333359,0.0014310144,-0.00030124487
130243100,130243020,-0.0018851779,0.0009212317,7.999223e-05
130263098,130263015,-0.0009654765,-0.001842157,-0.0005705255
130283091,130283010,0.0032807735,-0.0016368013,0.0010998271
130303089,130303005,0.0024255796,-0.0014365916,-0.00062667497
130323081,130323000,-0.0057398663,-0.0006510983,-0.0036678098
130343075,130342995,0.0018392203,0.0025006186,-0.00072874065
130365569,130365489,0.001614637,0.00019887788,-0.0029850283
130383065,130382985,-0.0031257742,-0.00047870446,-0.0012394466
130403060,130402980,-0.0011198889,-0.0006704768,-0.0013512132
130425560,130425474,-0.0031428467,0.002214145,-0.0015418496
130443050,130442970,0.0016750076,-0.0014156448,0.0019973915
130463046,130462964,-0.00011092983,0.0031664807,-0.0034605255
130483040,130482959,0.0018106371,-0.00054139923,-0.0019031116
130505534,130505454,0.001991701,-0.0005937149,-0.0004814998
130523030,130522949,0.0012142684,0.0003585862,-0.0012676179
130543025,130542944,0.001168859,0.0019544445,-0.001178544
130565519,130565438,-0.0025293133,0.0013914779,-0.001697477
130583015,130582934,0.000120765064,0.0016258853,-0.001967262
130603009,130602929,-0.00024584122,-0.0028750496,-0.001500027
130623010,130622924,9.536138e-05,0.0012665521,-0.002171572
130645581,130645418,0.002389008,0.0018659795,-0.0007283219
130663005,130662914,-0.00086563034,0.0031264094,-0.0014597471
130682990,130682909,0.0029973194,0.0013436642,-0.0008792409
130705483,130705403,0.003970935,0.0039536813,0.002020246
130722980,130722898,0.001437763,-0.0028579533,-0.00094701524
130742975,130742893,-0.002133885,-4.3655746e-06,0.00036715815
130762974,130762888,-0.0008184267,-0.0001017577,-0.0006869905
130785463,130785382,-0.0018463626,-0.0017044814,-0.0007296411
130802960,130802878,-0.0025819228,0.0058186487,0.00042596733
130822956,130822873,0.0031830033,-0.002696205,0.0014150972
130845448,130845367,-0.0007441598,-0.0012861821,-0.0024906236
130862946,130862863,-0.00071208365,0.0018680897,-0.002228789
130882940,130882858,0.003945996,-0.0006211018,-0.00083777437
130902937,130902853,-0.0010122776,0.0005738139,-0.0011558199
130925430,130925347,0.00016549695,-0.0016660462,0.0017646381
130942928,130942843,-0.0016656211,0.00086496864,-0.0040694075
130962919,130962838,-0.005284549,-0.00022762967,-0.00033984994
130985415,130985332,0.0024624018,0.0019042399,-0.0008353354
131002911,131002827,0.00064090104,1.6972423e-05,-0.003947234
131022903,131022822,0.0012191853,0.0019205923,-0.0010144344
131042901,131042817,-0.0022744376,-8.1063714e-05,-0.001209319
131065394,131065312,-0.0008573143,0.000574837,-0.0025901578
131082889,131082807,9.536231e-05,0.0020301857,-0.0018762518
131102885,131102802,-0.0010743404,0.0011895355,-0.0028729914
131125394,131125296,-0.0026627202,0.001099952,-0.0011332909
131142871,131142792,0.003698494,-0.0020682043,-0.003013309
131162867,131162787,-0.0012704395,0.0006976132,-0.0031024974
131182862,131182782,0.0010761002,-0.0013914541,0.00095405726
131205451,131205276,0.0035139981,0.0011408678,0.0018895674
131222868,131222772,0.00024687778,0.002774449,-0.0011641864
131242847,131242767,0.0011672538,0.0007407451,-0.0022944738
131265346,131265261,0.000434421,-0.0011350461,-0.0019696194
131282837,131282756,-0.00050303806,-0.0012348625,-0.0035961834
131302832,131302751,0.00015356485,0.004216611,0.00032210577
131322827,131322746,0.004662025,0.0033121547,-0.0025110485
131345323,131345241,0.00052637444,0.001680579,-2.4553214e-05
131362817,131362736,0.0053602774,0.002793166,-0.00039042623
131382812,131382731,0.002782704,0.0011728927,0.0006331208
131405307,131405225,-0.0012833439,0.0020785662,0.00088241504
131422802,131422721,0.0017698121,6.4210966e-05,-0.0013796097
131442796,131442716,-0.0015370727,-0.0038767336,-0.00010553113
131462795,131462711,-0.0024743178,-0.004300383,-0.0012495038
131485287,131485205,-0.00019251672,-0.00065136794,0.0013935154
131502780,131502701,-0.0005945349,0.0010215226,0.0016091852
131522778,131522696,0.0014622097,-0.00029946212,-0.0014842877
131545272,131545190,2.0156614e-05,-0.0028620847,-0.0021255976
131562766,131562685,0.0011463014,0.00022416934,-0.00018657523
131582762,131582680,0.0005489297,-0.0007970333,-0.004242683
131602759,131602675,0.00543469,-0.00063361507,0.0011045139
131625253,131625170,0.0053517427,0.0025636584,-0.0028425048
131642747,131642665,0.0006358207,-0.0019440581,0.00031380815
131662743,131662660,-0.00043946505,-0.0003965865,-0.0010887369
131685237,131685154,0.00023218337,0.0008245255,-0.0041674688
131702730,131702650,-0.0035287042,-0.0030253585,0.00048059196
131722728,131722645,0.00018978724,-8.6619984e-05,-0.00070621836
131742721,131742640,0.003148399,0.0024356109,-0.0014997763
131765318,131765134,-0.0001858517,-0.0006300714,0.00015215838
131782741,131782630,0.0025320027,-0.0024979552,-0.001994201
131802710,131802624,0.003168315,-0.007405835,0.00042254844
131825199,131825119,-0.0002916858,0.002766109,0.0010331459
131842701,131842615,-0.0021589682,0.000343204,-0.0055377283
131862695,131862609,0.0007093798,-0.0029373514,-0.0014549417
131882691,131882604,0.005580512,0.00051939674,-0.00077099726
131905184,131905099,-0.0055255108,0.0022175526,-0.0013417241
131922694,131922594,-0.00081053446,-0.0026879702,-0.0012220322
131942669,131942589,-0.0008938173,-0.000597178,-0.0030664187
131965163,131965083,-0.0020266734,0.0009000739,-0.00085596705
131982658,131982579,0.0030851283,-0.0023503304,-0.0006565938
132002655,132002574,0.0013188927,-0.0006082719,-0.0017124813
132022649,132022569,0.001162668,-0.0041283164,-0.0012374747
132045143,132045063,0.0006357308,0.0029366633,-0.0018230369
132062640,132062559,-0.0017295706,-0.001231595,-0.0016465844
132082635,132082554,0.0012742903,-0.00089764874,-0.000634417
132105128,132105048,-0.000101291575,0.00029014703,-0.000263649
132122627,132122544,-0.0020720265,0.0006103683,-0.0021942407
132142622,132142538,0.0033056831,0.0031387624,-0.000530486
132162613,132162533,8.9974375e-05,-0.00018830737,-0.0016797481
132185108,132185028,0.000526367,-6.019324e-05,-0.0006847508
132202604,132202523,0.0030193606,0.0033961649,-0.0010802149
132222598,132222518,8.374918e-07,0.0011151303,0.0011088143
132245093,132245012,0.0008862291,0.004366975,-0.0028468731
132262590,132262508,-0.0005912257,-0.0022999458,0.0020699694
132282583,132282503,0.0019386013,0.0033610547,0.0011188583
132305080,132304997,0.00035760342,0.0041279923,0.0010598751
132325186,132324992,-3.2542506e-05,-0.0010111183,-0.0013363793
132342602,132342488,0.0033668594,0.0023301626,-0.000518545
132362563,132362483,0.0026730725,-0.0042931936,0.0004159927
132385058,132384977,0.0033586014,0.0004225131,-0.004812522
132402553,132402472,0.00037787622,0.00018647313,-0.0022488278
132422551,132422468,0.001045855,-0.0048842584,-0.0015255109
132445047,132444962,-0.0009013084,-0.001443299,-0.004362735
132465038,132464957,0.0008210398,-0.002725056,-0.002549362
132482534,132482452,0.00108548,-0.0034398134,0.0012604536
132502529,132502447,-0.0036646815,-0.0036084526,-0.0022652554
132525023,132524941,0.0036851538,0.0008508451,-0.0022218493
132542520,132542437,-0.0030245755,0.0027104572,-8.4258616e-05
132562514,132562432,0.0024872401,-0.00059922086,-0.00075818016
132585008,132584927,0.0003152804,-0.0035258816,0.0009833659
132605003,132604921,-0.0007488164,-0.0009069396,-0.0015009581
132622500,132622417,-0.00071306666,-0.0010076975,-0.0010592835
132642495,132642412,-0.003293858,0.001215444,-0.0017598555
132664990,132664908,0.004524857,-0.0013973666,-0.0009674756
132682484,132682402,-0.00012713531,-0.0029761246,8.579006e-05
132702479,132702397,0.0015311271,0.0012178887,-0.0020854399
132724976,132724891,0.0065648127,-0.002221935,-0.00075119146
132744967,132744886,0.0031062902,-0.0020947303,0.00046273915
132762464,132762381,0.0039343005,-0.0017090696,0.00095122715
132782459,132782376,0.0004891844,-0.0018316703,0.0013668769
132804953,132804871,9.069033e-05,0.0008526328,0.0010982088
132822449,132822366,-0.000968148,0.00028374232,-0.0018829657
132842443,132842361,0.004879377,0.0023795965,-4.107383e-05
132864937,132864855,-0.0013048796,-0.0041838423,-0.0017567746
132885055,132884850,0.0017510571,-9.038951e-05,0.00045160134
132902541,132902346,-0.0028637233,-0.000704261,0.0008758727
132922449,132922341,0.0007841827,0.0033682052,-0.0030408571
132944915,132944835,0.00048363977,-0.002179041,-0.0004658781
132962410,132962331,-0.0011583865,-0.0019947044,0.0013483266
132982405,132982326,-0.0032879026,-0.004376061,-0.0017060048
133004900,133004820,0.0021434466,0.00022513373,-0.0008876445
133024898,133024815,0.000979577,0.00021471828,-0.00019968356
133042390,133042310,-0.002585249,0.000110020395,-0.0011684292
133062385,133062305,0.00086791744,0.00055294484,-0.005827139
133084879,133084800,0.00038349605,0.0006514215,0.00089520845
133102375,133102295,-3.0409778e-05,-0.0030226945,-0.0012386818
133122371,133122290,0.0022605967,0.004786177,-0.0018531278
133144864,133144784,-0.00071890256,-0.0011998108,-0.0010523265
133164859,133164779,-0.0034144889,-0.0044153654,-0.000121984514
133182356,133182275,-0.0016572815,0.0029604894,0.0012584224
133202352,133202270,-0.003230502,-0.00078536663,0.0002831092
133224845,133224764,-0.001538402,-0.0018311078,-0.00035646913
133242341,133242260,0.00027411617,-0.0034466316,-0.0011480737
133262337,133262255,0.00023048953,0.0018091784,-0.0002100397
133284829,133284749,0.0015173794,-0.0037865327,-8.014741e-05
133304824,133304744,0.0026877916,-7.273536e-05,0.00011641206
133322322,133322239,-0.00032055215,-0.0006423383,-0.0008576112
133342316,133342235,0.002476311,-0.0031928415,-0.0031298348
133364809,133364729,-0.00033574714,-0.0031552245,0.0025592763
133382306,133382224,-0.0004948098,0.00027363328,-0.0006558734
133402301,133402219,-0.0022005613,-0.004014922,0.0011274205
133424796,133424713,0.002541355,0.00040006498,-0.00019602056
133444921,133444708,-0.0014323904,-0.00023772242,0.0009781504
133462340,133462204,-0.0022207242,0.004112481,-0.0006629217
133482280,133482199,0.0038181788,0.002319849,-0.0037152814
133504779,133504693,0.0035952867,0.0010334621,0.0020210708
133522269,133522189,-0.0007220693,0.005580572,-0.0041780705
133542265,133542184,-0.0032459977,-0.0019002799,-0.0029621518
133564762,133564678,0.002228855,-0.0033352193,0.0017285631
133584755,133584673,-0.0045147906,0.0015239324,-0.0019802232
133602249,133602168,-0.002276063,-0.0009172028,0.0010588211
133622246,133622163,-0.00024619699,0.0014952929,0.001573619
133644741,133644658,0.0010506634,-0.0006220145,-0.0016158104
133662236,133662153,1.3556099e-05,-0.0015796009,0.0024482715
133682230,133682148,0.00013863784,0.0013498124,-0.003723565
133704725,133704643,-0.00072868145,-0.0011717225,-0.001006933
133724721,133724638,-0.0006451169,0.00066442834,-0.00013201873
133742215,133742133,-0.00014225068,0.00019025942,-0.0004797076
133762210,133762128,-0.0016512657,0.00029160408,-0.0036052593
133784705,133784622,-0.002669568,0.0015397221,-0.0022086806
133802200,133802118,0.0046453765,-0.001891965,0.0013329973
133822195,133822113,-0.00043661892,0.0024836122,-0.0012224338
133844693,133844608,-0.001345441,-2.8569717e-05,-5.9838407e-05
133864687,133864602,0.0015209292,-0.0004822826,0.00023656036
133882244,133882098,0.0010552381,-0.0020026271,-0.0024937443
133902179,133902092,-0.0035585237,-0.001303114,-0.00030064088
133924667,133924587,-0.00028644316,0.0035409236,-0.0014450361
133942162,133942083,-0.0033766765,-0.0044544064,0.0031472328
133962157,133962077,0.0015982965,0.000420589,-0.0034535546
133984654,133984572,-0.0023699496,-0.0011425577,0.0012759047
134004789,134004566,-0.0033290423,0.0019764456,-0.0010105623
134022209,134022062,0.0018326554,-0.0039291144,-0.0002941028
134042140,134042057,0.00087702763,-0.0023787492,0.0021061914
134064635,134064551,0.00072017894,-0.001667161,-0.000956282
134082130,134082047,0.0006476471,0.0017632609,-0.002480487
134102129,134102042,-0.0015527881,-0.0018127626,-0.0025365637
134124620,134124536,-0.0025400524,-0.0023708749,-0.0002196152
134144615,134144531,0.0019998297,-0.00062309485,-0.0035126042
134162109,134162027,-0.0004109852,-0.0020506773,-0.0033101826
134182104,134182021,0.0003345369,-0.0011774148,0.0010497603
134204599,134204516,0.00014532963,0.0030029027,-0.0012414698
134222094,134222012,0.0001399822,-0.0014378345,-0.005673259
134242089,134242006,-0.0011162134,-0.00033609942,0.0012109242
134264583,134264501,-0.0018507339,0.0009949319,-0.0016101792
134284576,134284496,-0.0021406477,0.0031960022,-0.0009671574
134302073,134301991,-0.0026323614,-0.0006475677,-0.0015241634
134324570,134324486,-0.006051491,-0.003457434,-0.002417044
134344560,134344480,-0.0015894743,0.0014744047,-0.0014160754
134362058,134361976,-0.0004347521,0.000712316,-0.0017832399
134382052,134381971,-0.0024345592,0.0015013041,0.00066115696
134404545,134404465,-0.0020879686,0.0033544402,-0.0018672573
134424541,134424460,0.0033817955,-0.0001747515,-0.0018263704
134442037,134441956,-0.003623881,0.0016637137,0.0025311427
134464532,134464450,-0.0010775744,-0.00055605033,0.002923095
134484525,134484445,0.002684973,-0.0052565727,-0.0032281096
134502024,134501943,0.0015698087,0.0028053508,-0.00017687547
134522018,134521935,0.0024108042,0.001490965,-0.0019899001
134544514,134544430,-0.002288728,0.0007339553,0.0009713351
134564659,134564425,2.8254697e-05,0.00070689525,-0.00086748775
134582074,134581920,-0.0020811437,-0.0018113339,0.0029620868
134604497,134604416,-0.0024713364,-0.0006824783,-0.001964766
134624491,134624409,-0.00088573946,-0.00514176,-0.00026550534
134641986,134641906,0.0016527639,0.001234259,0.00015038857
134661981,134661900,0.00053848536,0.0018017823,-0.00063171657
134684476,134684394,-0.0029030282,-0.002288836,-0.00064022944
134704471,134704389,0.0011728939,-0.0008926769,-0.0008887759
134721965,134721885,-0.003232801,0.004791367,1.9214815e-05
134744461,134744379,0.0007494509,-0.000334498,-0.00016827267
134764456,134764374,-0.0019782346,0.0026394022,-0.00016364301
134781951,134781870,-0.0018461081,0.0036856837,0.00029382564
134801950,134801865,-0.0030440132,-0.0016645091,-0.00030267486
134824441,134824359,7.7904435e-05,0.0008764509,-0.0041651772
134844438,134844354,-0.0018107876,0.0012135892,0.0014004896
134861932,134861849,-0.0070079067,0.00430929,-0.0019881178
134884438,134884344,0.000889221,-0.0006669569,0.00070358464
134904418,134904338,0.0003935804,0.0011001406,-0.0017054543
134921914,134921834,-0.004681831,0.0062406943,-0.0014240001
134941911,134941829,-0.0023492465,-0.001007529,-0.00040745887
134964403,134964323,0.00076586823,0.0007749805,0.0012809907
134984399,134984318,0.0008456309,-0.0021960512,0.00017813238
135001898,135001814,0.0055668345,0.000572375,-0.0011123244
135024388,135024308,-0.00074204686,0.00017793803,-0.0010760768
135039384,135039304,0.0007336994,-3.8294587e-05,-0.0005340166
135061879,135061799,-0.0028141206,-0.0013113385,-0.00043965175
135081874,135081794,6.094179e-05,-0.003708682,0.001533532
135104370,135104288,-0.0009333296,0.0012706546,-0.00087568245
135124525,135124283,-0.003701696,-0.0006915312,-0.000584026
135141944,135141778,0.001389507,0.0021004872,-0.00055230234
135164354,135164273,-0.0017568084,-0.0032346938,-0.0003249787
135184348,135184268,0.0003299096,0.00055757584,-3.2895943e-05
135201845,135201763,-0.00012735161,-0.0036205342,0.00051201833
135221840,135221758,-0.0013343012,0.0017473972,0.00030112913
135244334,135244252,-0.00267985,-0.0001847893,0.0011170338
135264329,135264247,-0.0026765664,-0.0011058259,-0.001974266
135281824,135281743,-0.001221061,0.00055575324,-0.001499013
135304318,135304237,-0.00061245216,0.0014695791,0.00032709923
135324314,135324232,0.0014748441,0.0027550189,-0.0024663107
135341811,135341728,0.0011372657,0.002238114,-0.002688461
135361807,135361725,0.0053850953,0.0024331878,0.00067621516
135384303,135384217,0.0009228692,-0.0022092154,-0.00081114896
135404298,135404212,-0.0017413583,0.0031871495,0.00018040475
135421789,135421707,0.0058744233,-0.0006185388,-0.0007737569
135444283,135444202,-0.0013663264,0.00069607096,7.030129e-05
135464278,135464197,0.0026569024,0.002371674,-0.0012711092
135481774,135481692,-0.0005287763,-0.0011753761,0.0009114635
135501770,135501687,0.0033090047,-0.004829225,0.00018540799
135524264,135524182,-0.0010554723,0.00055019045,-0.0012393573
135544258,135544177,-0.0003061029,-0.0033251448,0.0012311569
135561755,135561672,0.0017891328,-0.001961019,0.0009319233
135584248,135584166,-0.00031151506,-0.0025447449,0.0013602504
135604242,135604161,0.0007284016,0.0014386596,-0.0007904608
135621739,135621657,0.00020600902,0.0017815139,-0.0003087966
135641735,135641652,1.5554018e-05,0.0023918506,-0.0012250631
135664226,135664146,0.002780339,-0.0045653246,0.0013598633
135684224,135684141,0.008239775,-0.0032423371,0.00058126997
135701811,135701637,0.0004922964,-0.0015703812,-0.00065513316
135724216,135724131,0.006141755,0.0013929601,0.00046916725
135744210,135744126,5.8696605e-06,-0.005966698,-0.0007203776
135761703,135761622,-0.00018745591,0.0017137802,-0.0014571729
135784199,135784116,-0.0007461284,-0.00370315,-0.0019002365
135804193,135804111,0.0030307265,-0.0015051365,0.00024618726
135824188,135824106,0.0008655407,-0.0015665493,0.0036465395
135841684,135841601,-0.00024715345,-0.0020419848,-0.001153972
135864178,135864095,-0.0021724976,0.000574633,-0.0015872238
135884173,135884090,0.0014126471,-0.0033026915,0.0004446262
135901670,135901586,0.0016356546,-0.0036716647,-0.0010107758
135921662,135921581,0.005083288,-0.0021292055,0.002019899
135944158,135944075,-0.0005204759,0.0020618204,-0.0012471178
135964152,135964070,-0.00080063194,0.0021309832,-0.0011239769
135981647,135981566,9.9313445e-05,-0.00017743744,2.6735186e-05
136004143,136004060,-0.00020731473,0.0015645516,-0.0015206268
136024174,136024055,0.00014842232,-0.0015730667,-0.0042062663
136041634,136041551,0.0048911925,0.0011616503,-0.0017251923
136061628,136061545,0.0015821035,0.00407685,-0.0012060886
136084122,136084040,-0.0024609703,4.0192623e-05,-0.001842748
136104114,136104035,0.007980364,-0.002129863,0.000317913
136121611,136121530,9.0758316e-05,0.0045821406,-0.00085544377
136144104,136144025,0.004395433,-0.0019038748,0.0020648916
136164101,136164020,-0.00021041464,0.0005832347,-0.0029614577
136181598,136181515,0.003287703,0.001059575,-0.0027730814
136204091,136204009,0.0021391881,0.0049655465,0.0028424575
136224085,136224004,0.0028581757,-0.0005368283,0.0016137684
136244082,136243999,-0.0016634152,0.0043217316,-0.0015435106
136261684,136261495,0.002818437,-0.000562049,0.0017293274
136284075,136283989,0.005850913,0.0022846814,0.00047936826
136304066,136303984,0.003598051,0.00027733343,0.0021412615
136321564,136321480,0.0005876913,-0.0015352583,-0.0005867772
136344059,136343974,0.0058033513,-0.003941647,-0.0034726714
136364051,136363969,-0.0028936192,0.00046823593,-0.00082322734
136384046,136383964,0.0005017305,-0.0014719395,-0.0025517466
136401542,136401459,-0.0005785285,0.005630782,-0.00038019742
136424035,136423954,-0.0018136421,-0.00031496026,-0.0025052952
136444030,136443949,-0.00029064668,0.0020829227,0.0018153097
136461527,136461444,0.00404928,0.0019038345,-0.003938722
136484020,136483939,0.0015562321,-0.0045047677,-0.0013384204
136504015,136503933,0.0031207837,-0.003240733,-0.000346225
136524011,136523929,0.001207334,-0.0020866548,-0.0011426976
136541506,136541424,-0.004146769,0.0063097863,-0.000829682
136564000,136563918,-0.0017053264,-0.00010970794,0.0006933525
136583996,136583913,0.00022419379,-0.002940589,-0.0012961401
136601491,136601409,0.0009952476,0.0010024346,-0.0022286684
136623984,136623903,-0.00066040433,0.00067939237,0.0012089247
136643980,136643898,0.0041715424,0.0009070472,-0.001712933
136663982,136663897,0.0023609349,-0.0041875453,-0.00011652571
136681472,136681389,0.002062472,0.003207807,-0.0015333593
136703964,136703883,-0.0020725485,-0.00651914,0.002895091
136723965,136723878,0.0026751016,0.00017382437,-0.0015980585
136741455,136741374,0.0012911898,-0.0018427786,-0.002291822
136763948,136763868,0.0018349765,0.003251942,-0.0010452223
136783945,136783863,0.0060920874,-0.0038166312,0.0005151339
136803939,136803858,0.00018010312,0.005157666,4.919601e-05
136821549,136821353,0.0018475251,1.9299798e-05,0.0007182394
136843971,136843847,0.0006462359,-0.0003755754,-0.00040059158
136863926,136863843,0.00077402266,0.0053230217,-0.0025645173
136881419,136881338,-0.002201695,0.00382539,0.0006850198
136903918,136903832,0.0025186124,6.4734835e-05,-0.000742742
136923909,136923827,0.00096070766,-0.006798702,0.00012640766
136943904,136943822,-0.0016980026,-0.0015340117,-0.0010280397
136961400,136961318,-0.0029507987,-0.0010092761,0.0005692039
136983895,136983812,0.0034927735,-0.00434728,0.00045544625
137003890,137003807,0.0022657188,0.0024813819,-0.0004854104
137021450,137021305,8.825003e-05,-0.0026657195,-0.0028719949
137043881,137043797,-0.0006272942,0.0032421257,-0.0010963394
137063871,137063792,0.001206853,-0.0014039013,-0.0043102913
137083866,137083787,0.0005217525,0.00011701742,-0.0008287353
137101365,137101282,-0.0059635183,-0.0020639235,-0.0011175275
137123857,137123776,0.00033422303,0.001257482,-0.002187591
137143852,137143771,-0.0016086813,-0.0030735643,0.0006390325
137161347,137161267,-0.0035334888,-0.0036650752,0.00036899955
137183843,137183761,-0.004546121,0.0029585639,-0.0030442912
137203838,137203756,0.0024197488,-0.00027385354,2.5854853e-05
137223831,137223751,-0.0039965454,-0.00027125562,0.0011002512
137241326,137241247,0.0022943774,0.0009946711,-0.0019746819
137263823,137263741,5.264813e-05,0.00094498973,-0.0010751322
137283819,137283736,-0.0027173269,-2.3625791e-05,-0.0021117714
137301312,137301231,0.001884561,-0.00391652,0.0015572235
137323807,137323726,0.0067860233,-0.00126635,-0.0008362328
137343801,137343721,0.0023369319,0.0013002041,0.00021756516
137363797,137363716,0.00019767741,0.00029455265,-0.0026455503
137381421,137381211,0.0029026417,0.0022029642,0.00024748174
137403815,137403706,0.0012715447,-0.0004080804,-0.0012435545
137423782,137423701,0.0015562249,0.002088689,0.0016161852
137441277,137441196,-0.0011331541,-0.0031367275,-0.0025203303
137463773,137463691,0.000639071,-0.0021750587,-0.0002798126
137483769,137483685,-0.0014666759,-0.00041960273,-0.00019435064
137503762,137503680,0.0030251478,-0.0008219923,-0.000758588
137521258,137521176,-0.005603907,-0.002690433,0.0018363137
137543751,137543670,-0.0011267366,0.00056492025,-0.0018110452
137563750,137563665,0.001039353,0.0011419859,-0.0011680445
137581244,137581161,-0.0008374688,-0.0018760692,-7.618827e-05
137603738,137603655,0.0008580338,0.0018661446,-0.0003735422
137623732,137623650,-0.00037231436,0.002570078,-0.0016514675
137643726,137643645,0.0019574699,0.0008453443,-0.003213252
137661225,137661141,-0.0010820369,0.00053416425,-5.819928e-05
137683716,137683635,0.0017328339,-0.006020647,0.0013098005
137703710,137703630,-0.0036249573,-0.004568852,0.00015649275
137721208,137721125,-0.0020570292,-0.00022438029,-0.0015371296
137743700,137743620,-0.0011196076,0.000102521386,0.00042210607
137763698,137763615,-0.0023044914,0.0022191512,0.00024835707
137783694,137783609,0.0024336406,5.14267e-05,-0.0006739442
137801188,137801105,0.0016887642,0.006344025,-0.0034004916
137823684,137823600,-0.0060838955,-0.00062553445,-0.0013634347
137843677,137843594,-0.003535116,-0.00019791024,-0.0017446019
137861235,137861090,-0.0015215878,0.0013794242,0.00025234243
137883664,137883584,-0.0020530568,-0.0026854328,-0.0012951072
137903660,137903579,-0.00096488534,0.002528087,0.00041762332
137923654,137923574,0.004380283,-0.0026750467,-0.00089852634
137941282,137941070,-0.004116931,-0.0008043926,-0.004732126
137963688,137963564,-0.0035226576,0.0009808643,0.00034678716
137983643,137983559,0.0033684561,-0.0014606933,-0.0039440542
138001135,138001054,0.00075067277,0.0018771209,-0.0016525454
138023638,138023549,-0.0014549056,-0.00048866495,6.423396e-05
138043643,138043544,0.0012967277,-0.0035242368,0.0021641697
138063622,138063539,0.0016347303,-0.0008621188,0.0010207137
138081113,138081034,-0.0017290678,0.0013954677,0.00040619844
138103610,138103529,-0.0038208677,0.0017103511,-0.0019102842
138118606,138118525,-0.0016748327,0.0007287711,-0.002890028
138141099,138141019,-0.0014390682,0.0021771025,-0.002139052
138163594,138163513,-8.341321e-05,0.0005102358,0.0009550911
138183589,138183509,0.0013115534,-0.0001357058,0.00038507755
138206084,138206003,-0.00087144924,0.00045238854,0.0015575708
138223582,138223498,0.00028941547,-0.0028148242,-0.00041789163
138243574,138243493,5.689077e-05,-0.001312532,0.00022258027
138263570,138263489,-0.0039883074,0.0008158027,-0.001692676
138281065,138280984,-0.00012025866,0.0027086302,-0.0012699908
138303561,138303480,0.0018655818,-0.00011748914,-0.0020304942
138323554,138323473,-0.0005609896,0.003987129,-0.0023194067
138346047,138345967,-0.0016958473,-0.0011372203,-0.0010162438
138363548,138363463,-0.0010242853,-0.0014985199,-0.00047910967
138383538,138383458,-0.00015229033,-0.0029243687,0.00044690855
138403538,138403458,-0.00346336,0.0011689756,0.00028591408
138421029,138420948,0.00021803635,0.0018744594,-0.0012553779
138443529,138443443,-0.003707313,-0.0012343074,-0.0008082006
138463527,138463442,-0.0055658184,-0.003968537,-0.00044744657
138486012,138485932,0.0004127759,-0.0016004909,-0.001449698
138501159,138500930,-0.0012097112,-0.0035695517,-0.0011675258
138523552,138523422,-0.0035052986,-0.003962326,0.000367826
138543501,138543417,-0.0040350794,0.00092193205,-0.0030784335
138560997,138560913,-0.00055357395,0.004665504,-0.0001057199
138583495,138583407,0.0030697559,0.0015947013,-0.0003734727
138603486,138603402,0.00041075307,-0.000807683,-0.0015461801
138625981,138625898,-0.0013757094,0.0021235293,-0.003914684
138643478,138643392,-0.001303998,0.0049648155,-0.0016278711
138663471,138663387,-0.0016777057,0.0038999813,-0.00057498453
138683463,138683382,0.0009475474,0.00025551487,-0.001245082
138700964,138700877,0.0013238147,0.003835285,0.00096955546
138723456,138723372,0.0030177457,0.0022627946,0.0008158706
138743452,138743367,0.0014633022,-0.0013385941,0.0017738488
138765942,138765861,0.0015026808,0.00091471104,-0.0043629073
138783441,138783357,5.823816e-05,0.00062170206,-0.0015424795
138803433,138803352,-0.0049601737,0.0018536765,0.00018327826
138823428,138823347,-0.0016064371,-0.0013996484,-0.001011843
138840926,138840842,-0.0003596237,0.0020660507,-0.0027946604
138863419,138863336,-0.00015388872,-0.0042525427,-0.0016450929
138883422,138883331,-0.0018428247,-0.0021389797,-0.0019475679
138905905,138905826,-0.0035285226,-0.0016395361,-0.00037224457
138923400,138923321,0.004261938,-0.003406018,0.000594803
138943395,138943316,-0.0016823659,0.0024855945,-0.0020154673
138963392,138963311,-0.0027028369,-0.0015215897,-0.0011291018
138980886,138980807,-0.0020926385,0.0016659205,-0.0023399997
139003381,139003301,0.0019053386,-0.0010536877,-0.0016003839
139023376,139023296,-0.003039566,-0.000613892,-0.0034971668
139045870,139045790,-0.003630015,0.0027789613,-0.0012409984
139063513,139063286,-0.0032868262,0.0006544655,0.003669638
139083415,139083281,-0.0010101546,-0.0013975953,-0.00029252027
139103357,139103276,-0.0016243084,-0.002162815,0.00041403537
139120852,139120771,-0.0022740262,-0.0035895882,-0.0027528882
139143347,139143265,-0.00096634007,-0.003064651,0.00056523806
139163342,139163260,0.0005001675,0.001202431,-0.0012922229
139185834,139185755,-0.004102191,0.000345191,-0.00068616547
139203331,139203250,0.00039110053,0.0005642278,-0.00088709465
139223326,139223245,0.00023515942,-0.00027988525,-0.0009502525
139243320,139243240,0.004000689,0.0011608936,0.00022870072
139260816,139260736,0.0015820696,-0.00081252493,0.0020262867
139283311,139283230,-0.0030336832,0.002184126,0.00037432116
139303308,139303225,0.00021592784,0.0024623044,3.9154576e-05
139325799,139325719,0.002472379,0.0006981394,0.00063346105
139343296,139343215,-0.0015110349,0.0030785124,-0.0018117594
139363290,139363210,0.0025025194,0.0016689138,0.0002764001
139383285,139383205,0.0006273915,0.0010206224,-0.00021959208
139400782,139400700,-0.0035334863,0.0039162934,-0.0017897015
139423274,139423195,-0.00037870673,-0.0021305634,-0.0015885931
139443271,139443190,0.0057991804,0.0016932129,0.0011800564
139465766,139465684,5.5914512e-05,0.005006266,-0.0033850851
139483259,139483179,-0.00043460098,-8.550333e-05,-0.00016107742
139503256,139503174,-0.004271607,-0.0026009297,0.00043216825
139523250,139523169,-0.0015190807,-0.0020738635,-0.002636405
139540750,139540665,-0.0009503714,1.12368725e-05,-0.0025044107
139563241,139563159,-0.0016596839,0.0004787827,-0.0006963215
139583235,139583154,0.0011942973,-0.0052132634,0.00011259425
139605732,139605649,-0.0010800553,-0.0012477529,-0.0022727652
139623376,139623144,-0.0023989077,-0.0020358548,-0.0004632155
139643285,139643139,-0.0028506634,-0.002731354,0.0024447695
139663214,139663134,-0.0010721453,-0.0006509037,-0.002617401
139680712,139680630,-0.0018860701,0.0072625587,0.0016727818
139703205,139703124,0.0013466454,-0.0010664416,-0.000990879
139723199,139723119,0.0035137967,-0.0033970075,-0.0026156045
139745699,139745613,0.0010881578,-0.000725294,-0.00040285083
139763190,139763109,0.002614825,-0.00018279487,-0.00035555888
139783184,139783104,-4.7140522e-05,0.0017512282,-0.00080460426
139803179,139803099,0.0036892728,0.0020997282,-0.00014303233
139820680,139820594,0.0016833465,-0.00065947743,-0.0007214425
139843170,139843089,0.0025751637,0.00082096644,0.00019216671
139863166,139863084,0.0008857264,-0.0011463054,0.0002835304
139885662,139885578,-0.0011901334,0.0048436737,-0.0005458748
139903174,139903073,-0.00025481265,-0.0028124396,3.3773074e-05
139923148,139923068,0.003542094,-0.0017002923,0.00013541925
139943143,139943063,-0.0021774268,-0.005157654,0.0008263384
139960640,139960559,0.0013240129,-0.0001471513,-0.0019737994
139983133,139983053,-0.0019064407,-0.0037055407,0.0008619712
140003128,140003048,-0.0028408314,0.002126306,-0.002199081
140025625,140025542,0.0025500157,0.0020035228,-0.0024113557
140043118,140043038,0.0033516046,-0.00055514555,-0.00058151374
140063115,140063033,-0.00026442134,-0.0021607224,-0.00059848925
140083108,140083028,-0.0026046764,0.0010984987,-0.0033101146
140100607,140100523,0.00504374,0.001806201,0.00044749858
140123100,140123018,0.000643848,0.0012467322,0.0028532513
140143093,140143013,-0.00010914053,-0.00039772177,-0.00088123576
140165590,140165507,0.0028548944,-0.0003888444,-0.0002681847
140183248,140183002,-0.002583587,0.0043243105,-0.00081156025
140203155,140202998,0.00064394064,0.0014191046,-0.0011952575
140225577,140225492,0.0026497263,-0.0035914043,-0.0022408806
140243076,140242988,-0.0052874163,-0.002290642,0.0008906373
140263068,140262982,0.0002747334,-4.4294167e-05,-0.0006205876
140283061,140282978,0.00020208093,0.00093984837,-0.0020610513
140305552,140305472,-0.0016791762,-0.003594149,0.0011719008
140323050,140322967,-0.0012102958,-0.0011943928,-0.00015867622
140343045,140342962,0.003969926,0.00012632646,-1.276526e-05
140365537,140365456,-0.0043139034,-0.00017061457,0.00016200135
140383035,140382952,0.0021708705,0.001807373,-0.0012824865
140403030,140402947,0.001114158,0.005515147,0.000508136
140423025,140422942,0.001761653,0.0027830515,-0.0012366094
140445517,140445436,0.00010681781,-0.0013748105,0.00044513016
140463016,140462933,-0.0024629175,-0.0015627476,-0.00010676912
140483008,140482927,-0.0020777448,-0.0032178215,-0.0010677252
140505502,140505421,-0.00026371516,-0.0042937635,-0.0026890715
140522999,140522917,-0.0005356956,0.003858062,-0.0027332676
140542993,140542912,-0.0029548297,0.00054180576,0.001345929
140562991,140562906,-0.0012578224,-0.0013998142,-0.00018488227
140585481,140585401,0.0006501549,-0.0007386878,0.0022428932
140602978,140602896,0.0062624444,0.0027860962,0.0008903342
140622973,140622891,-0.00026325672,-0.00077096606,-0.0007251721
140645467,140645386,-0.001411953,-0.002818409,-0.00016902882
140662968,140662881,0.0014927196,-0.0039712903,-0.002298484
140682957,140682876,7.1779825e-05,-7.0836395e-05,-0.00047534448
140702953,140702871,-0.00019972213,0.0013720635,0.0008574039
140725450,140725365,-0.0021346372,-0.0016885032,-0.0021854858
140742945,140742861,0.0017431565,0.0005881591,0.00062404276
140763020,140762856,0.0034352131,-0.0022695852,0.0009735127
140785432,140785350,0.002173868,0.0021695648,-0.00063681416
140802926,140802846,-0.0015336832,0.0016549411,-0.0019215907
140822921,140822841,0.003038676,-0.0018287837,0.0015440644
140842918,140842836,0.0011023823,-0.0014953874,-0.00042664626
140865411,140865330,-5.068141e-05,0.0003905422,0.00031706138
140882908,140882826,-0.0012490482,-0.002478288,-0.00043791186
140902906,140902820,-0.0003623732,0.0026311164,-0.0012454228
140925404,140925317,-0.005295896,0.0020289524,-0.00020423348
140942890,140942810,0.003378842,0.0034228445,0.00062307995
140962885,140962805,-0.0023139818,0.0022333544,-0.0008470131
140982879,140982800,0.0029131146,0.002212766,-0.00087704154
141005374,141005295,-0.00031490205,0.0011396217,-0.0028626118
141022870,141022790,0.00020579924,0.003192675,0.0010472927
141042865,141042785,0.0024949354,-0.002351901,0.0019200803
141065360,141065280,-0.00011713756,-0.0028406843,0.0012050269
141082857,141082775,0.0009501935,0.0032861535,-0.0005680245
141102850,141102770,0.0023061754,0.001020384,-2.7643982e-06
141122848,141122768,0.0008505634,0.0026316866,-0.0005107912
141145340,141145259,0.0012182985,0.0013937056,-0.00017080875
141162836,141162755,0.00059323106,-0.0008307891,-0.000109524815
141182831,141182750,-0.0013947496,0.0027936448,0.0003973486
141197826,141197746,-0.0010008642,0.0012160372,-0.0033967306
141222818,141222740,-0.0012454796,0.0015132502,-7.39035e-05
141242815,141242735,0.0039248993,0.0012803329,-0.00083609787
141262812,141262729,-0.00084488397,0.0016161511,-0.003832019
141285306,141285224,-0.0013669848,0.0015159412,0.0019212761
141302802,141302719,-0.0038627416,-0.00020915736,-0.00217551
141322895,141322718,0.0011417014,0.001318594,0.00063685025
141345291,141345210,0.0052017546,-0.00069889193,-0.0007129846
141362787,141362704,0.00065609906,0.0004426567,0.0029103288
141382781,141382699,0.00083562685,-0.0014720205,-0.0004238108
141402777,141402694,-0.0043174652,0.0015294873,-0.0029336023
141425270,141425189,0.0017279787,-0.0004733894,-0.0007936943
141442765,141442684,-0.0041032773,0.00020340504,-0.0022554765
141462763,141462679,0.0004679188,-0.0012255167,0.0007183141
141485255,141485173,0.0035670255,0.0027461168,-0.0028186482
141502750,141502669,-0.0014959383,-0.00034438353,-0.002002215
141522746,141522664,0.0010936749,-0.004349516,0.0011035221
141542742,141542659,0.0009819446,0.0006926777,0.00426877
141565233,141565153,0.001956107,-0.0023100432,-0.0016751721
141582731,141582649,-0.003258334,0.00015089521,0.001878169
141602726,141602644,0.0016454691,-0.0010454855,-0.00022010322
141625220,141625138,0.0010224464,-0.0012696064,-0.000776534
141642715,141642634,-0.0033974862,0.0027415536,-0.0028292765
141662711,141662629,-0.0019752807,0.0005673552,-0.0014410912
141682706,141682623,0.0015793736,-0.0015265048,-0.0011922767
141705200,141705118,-0.00031753187,0.0008968944,0.00016195222
141722701,141722613,0.0017436049,-0.0001982241,0.0043154107
141742693,141742608,0.00093132723,0.0010418389,-0.0006167637
141765188,141765103,-0.0012469429,-0.00038434193,0.0016858928
141782684,141782598,-0.0034733291,0.0010891501,-0.0012663153
141802674,141802593,0.0012750938,-0.0024886373,-0.001522188
141822670,141822588,-0.005516006,-0.0013735993,-0.0018873451
141845164,141845082,-0.00041247532,0.0029819123,-0.00039253646
141862662,141862578,0.0005959077,0.0030109214,-0.0009502219
141882757,141882573,-0.00048142578,0.0025075458,-0.0004038454
141905158,141905067,0.0026842607,-0.003174263,0.0005465385
141922708,141922564,0.0003070049,-0.0009496291,-0.0030034361
141942647,141942558,-0.002773799,-0.0023044292,-0.0028335424
141965139,141965056,-0.001978862,0.0011654343,0.001924792
141985128,141985047,0.00102905,0.00025323452,-0.0014635895
142002627,142002543,-0.0036303466,0.00058509456,-0.000945653
142025121,142025037,0.000557397,0.0002942551,-0.0014541263
142045112,142045032,0.0008283239,0.0019139766,0.0016529755
142062608,142062527,0.0016225786,0.0019523434,-0.0031233323
142082602,142082522,0.00029727072,0.0023324154,0.000664609
142102597,142102517,-0.0011526514,-0.0020466102,-0.0023666867
142125092,142125012,-0.00028320844,0.0037909579,-0.001770443
142142587,142142507,-0.00032253703,0.0028882169,-0.00030008415
142162582,142162502,0.0014938931,0.0007165177,-8.6454354e-05
142185077,142184997,-2.4775276e-05,-0.0010123542,-0.00017449236
142202572,142202492,-0.0023273025,-0.00071771257,-0.003082518
142222566,142222487,-0.00070926384,0.0058493265,-0.0020465506
142245065,142244981,0.0044864793,0.0038905935,-0.0019343543
142265057,142264976,-0.0032085318,0.0010615722,-0.0005373283
142282553,142282472,0.0017454647,0.001640006,0.00019611587
142302546,142302467,0.0026499848,0.004275907,0.00060008897
142325043,142324961,-0.0021831905,-0.0022539916,-0.0007797506
142342536,142342457,8.156407e-05,0.004341315,-0.0020627796
142362532,142362452,0.00034839078,-0.0026424592,-0.002023763
142385027,142384946,-0.0044804513,-0.002191754,0.0018953901
142402521,142402441,-0.0018868373,0.00376162,0.00017983277
142422517,142422436,0.0010746403,-0.00051858043,0.0005117641
142442630,142442431,-0.002457562,-0.0026396685,-0.0009094916
142465022,142464926,0.0010833151,0.0027682611,1.015357e-05
142482506,142482422,-0.0013524066,0.004027635,0.0011188828
142502502,142502417,-0.0005132954,-0.0033984934,0.0009571822
142524991,142524911,0.0021240741,-0.0027677328,-0.0008337654
142544986,142544906,0.0008256624,-0.0016816603,-0.0033932005
142562484,142562401,-0.0008089598,-0.0016226643,-0.0006427807
142582478,142582396,0.0023009398,-0.0018237904,-0.00073679246
142604971,142604890,0.0028444903,0.0037390618,-0.0010210997
142622469,142622386,-0.00022898125,-0.00017741602,-0.00038947572
142642463,142642381,0.001132264,0.0005077673,0.0008529657
142664956,142664875,0.00019375095,-0.0019376748,-0.0016917167
142684951,142684870,-0.0025838104,-0.0015273737,-0.0012594122
142702448,142702366,-0.0016845162,-0.0011014235,-0.0025353204
142722443,142722361,-0.0038689147,-0.0018704017,-0.0014699195
142744940,142744855,-0.0015942323,-0.00019829022,-0.0007326886
142762433,142762351,0.0015601653,-0.0008670031,-0.0016246773
142782428,142782346,0.0011745046,-0.00041057589,-0.00058580254
142804923,142804840,-0.0027024564,0.0013967664,0.00029786507
142824918,142824835,0.0011095486,0.0037041826,-0.0039437907
142842413,142842330,0.0002377904,-0.0005247984,0.0013722614
142862408,142862325,0.0006925727,0.0017864057,-0.00018565543
142884903,142884820,-0.0036494024,0.00027552852,-0.0012559821
142902399,142902315,0.0007631539,0.0015946445,0.00031420728
142922395,142922310,-0.0025051436,-0.002487414,0.0011334124
142944890,142944804,-0.003147557,0.0015244475,-0.0021422983
142964879,142964800,-0.000716432,0.0011080382,-0.0018570051
142982374,142982295,0.0022087016,-0.003593001,-0.0023854512
143002493,143002290,0.0021202976,-0.0017053057,0.0016377328
143024892,143024787,0.00043178466,0.002740001,0.00019697662
143042360,143042280,-0.00074985507,0.0026860272,-0.0009403106
143062356,143062275,0.0028328702,-0.00032445882,0.0018085386
143084851,143084769,0.0016463764,0.0016508186,-0.0017722782
143104847,143104764,-0.003505289,-0.0018267655,-0.0019508675
143122340,143122260,-0.0018589062,0.0025818925,-1.5801168e-05
143142334,143142255,0.00020920462,0.0012936881,-0.0019393305
143164829,143164749,-0.0043951063,0.00036211172,-0.0010022817
143182325,143182245,0.003429813,-0.0017589857,4.7073903e-05
143202320,143202239,0.0031700411,-3.4999568e-05,-0.00020022417
143224815,143224734,-0.001120979,0.0059470236,-0.0007867666
143244810,143244729,0.00026292214,-0.002448537,-0.0012324116
143262305,143262224,-0.004575272,0.002453244,0.0013297889
143282300,143282219,-0.0023752758,0.0008101226,-0.0013438645
143304795,143304713,0.0012010678,-0.0009911852,0.00025218428
143322290,143322209,-0.000985211,-0.0022069835,-0.0012209767
143342287,143342204,-0.0026382066,-0.00021906849,-1.8998078e-05
143364780,143364698,-0.000989743,-0.0014572451,-0.0025330316
143384775,143384693,0.002197244,0.00038004946,-0.00063671125
143402270,143402189,-0.0043217875,0.0043606767,0.00026656355
143422265,143422184,0.002121556,-0.0008924543,-0.0027036124
143444761,143444678,7.9501886e-05,-0.0008735815,-0.0007583333
143462255,143462174,-2.2936845e-05,-0.0062584765,0.0002286898
143482250,143482169,0.0006114701,-0.0007468178,-0.001967701
143504745,143504663,0.002800615,0.0033475899,-0.0011496884
143524740,143524658,-0.005047693,-0.0043892013,-0.0004144824
143542233,143542153,0.0008315882,-0.0039676996,0.002396758
143562365,143562148,0.00076913834,0.0008635693,0.0012631076
143584757,143584643,-0.003951953,-0.001285003,-0.000907976
143602221,143602138,-4.6469737e-05,4.6019908e-05,0.00028795475
143622215,143622133,0.0020919591,-0.00061493786,-0.0009689993
143644709,143644628,0.0062177577,-0.0032548187,0.0001363668
143664707,143664623,-0.005623061,0.002023251,-0.0009770432
143682200,143682118,-0.0015903129,-0.0024909945,0.002161296
143702195,143702113,-0.0022447961,0.0006884779,-0.00066559075
143724692,143724608,-0.0041931462,0.0028639508,-0.0008341341
143742184,143742103,-0.001395334,0.00024322188,-0.0018970415
143762210,143762098,0.0011500143,0.0011470537,-0.00053186796
143784673,143784592,0.00082298135,-0.0007997672,-0.004386255
143804668,143804587,-0.0032638242,0.0037609702,-0.003976171
143822163,143822083,0.00013077399,-0.0019378387,0.0021202054
143842158,143842078,0.0026300433,-0.002350932,-0.0019223354
143864652,143864572,0.00090699736,-0.0022886647,-0.00050825754
143882149,143882068,0.0022636675,0.00010817591,0.001995508
143902144,143902063,-0.00045711733,0.001443869,-0.00092179875
143924683,143924557,-0.002924541,-0.0039872387,0.0014436628
143944635,143944552,-0.00022467831,-0.0014246474,0.00096989225
143962127,143962047,-0.0017178443,0.003214868,-0.0007740667
143982122,143982043,0.0004987968,0.00091024954,0.0014448416
144004619,144004537,-0.0011957467,0.0005915812,0.0005287211
144022112,144022032,0.0012503336,0.001375177,-0.0028783309
144042107,144042027,0.0025932952,0.00019071205,-0.0006457389
144064601,144064522,-0.002807708,-0.0008578729,-1.5457219e-05
144084597,144084517,-0.0058919117,0.00012748083,-0.0030969735
144102094,144102012,0.0023336718,-0.0004140595,0.0020522051
144122229,144122007,-0.0007046354,-0.00049063656,0.0008387781
144144629,144144501,-0.00081952685,0.00140305,0.00054523844
144162078,144161997,0.004188206,-2.7024187e-05,-0.0018372613
144182073,144181992,0.0022947565,-0.002278435,-0.0017473707
144204573,144204486,0.0014448212,-0.0025151502,-0.00073357334
144224563,144224481,-0.0013341533,-0.0014892756,-0.0005637345
144242058,144241977,-0.0022206656,0.0024340765,0.00037383416
144262052,144261972,-0.002019138,-0.0003625732,0.00034249836
144284548,144284466,0.0015550181,0.0027903672,-0.0012013057
144302043,144301962,-0.00040495791,0.0008942662,0.0019022283
144322037,144321957,0.0028272532,-0.00071559567,-0.0003251175
144344534,144344451,0.0025388082,0.00067950506,-0.00023303935
144364528,144364446,-0.0010545854,0.0017445707,-0.0021147323
144382023,144381941,0.0010222993,-0.0017988705,-0.0011226055
144404519,144404436,-0.003393465,0.0012006983,-0.00011057178
144424513,144424431,0.00022906973,0.0025445977,-0.0015431624
144442008,144441926,0.003051308,-0.0004491182,7.509437e-05
144462003,144461921,0.0029894384,-0.0009824578,0.0013699996
144484498,144484416,-0.0003673928,0.0016288594,9.989433e-05
144504494,144504411,0.0021087746,0.0025388754,0.0028871298
144521988,144521906,0.0035504405,0.0011074948,0.0010943894
144544482,144544400,0.006133112,-0.0018046396,0.0017443498
144564478,144564395,-0.0023061128,-0.0018138466,0.0005364191
144581972,144581891,-0.0006585426,-0.00043312507,-0.0026417081
144601970,144601886,-8.50088e-06,0.004476091,-0.001810078
144624463,144624380,-0.0028938996,0.001810322,-0.00010875135
144644457,144644375,-0.0041034236,0.0036218388,-0.00088885945
144661955,144661871,0.0011605038,0.0008233255,0.0019927393
144684589,144684365,0.00087445416,0.0012671752,-0.0035464503
144704498,144704360,0.0049869074,0.003930384,-0.0020039887
144721938,144721856,-0.0004987458,0.00094321463,-0.00066393905
144741961,144741851,0.005591699,0.0029107973,-0.00086648687
144764425,144764345,0.00075688073,-0.0016416046,0.00013823254
144784419,144784340,0.0032177698,0.0010093511,-0.0016384466
144801922,144801839,0.0016092942,-0.0023200968,0.00043908524
144824410,144824330,0.0010185172,0.0016164868,0.0019627623
144844404,144844325,0.0029964456,0.0006934656,0.002335364
144861901,144861820,0.0005717352,-0.00037447456,0.00037938665
144881896,144881815,-0.00048504677,-0.0036367811,0.0015800919
144904389,144904309,0.003555405,0.001962938,-0.004102724
144924386,144924304,-0.00014875387,0.0003837552,-0.00069152523
144941880,144941800,0.0050711967,0.00014885888,-0.0034672646
144964374,144964294,-0.00081113214,0.0010151737,0.0009731371
144984370,144984289,-0.00083441334,-0.000889956,-0.0013186836
145001866,145001785,0.0042350627,0.00086118886,-0.000384112
145021860,145021780,-0.0034859928,-0.00081314845,-4.0426778e-05
145044355,145044274,-0.00036747288,-0.0027835788,0.000871917
145064350,145064269,-0.00016007875,-0.0007507573,-0.0015910309
145081845,145081765,0.0054181786,-0.008251582,-0.00061573554
145104339,145104259,-0.002671473,-0.0009030644,-0.00064183306
145124335,145124254,-0.0022737547,0.0018710671,-0.002580599
145141829,145141750,0.001262411,-0.0027545905,-0.002513193
145161824,145161744,-0.0001940704,0.0023614215,-0.0023079286
145184320,145184239,0.0006813463,-0.001094968,-0.0011190621
145204315,145204234,-0.0002139532,-9.926688e-05,-0.00054144993
145221813,145221730,0.0031326874,-0.0013263659,-0.00094255887
145244459,145244224,0.00051059294,0.00022955844,-0.00045685208
145264365,145264219,-0.0023870014,0.000914786,-0.0029318975
145281795,145281714,0.0022594156,-0.00025443314,-0.0010678816
145301790,145301709,-0.0017856107,-0.00126589,-8.3552455e-05
145324285,145324203,0.0014058026,-0.002550196,5.9578626e-05
145344280,145344199,0.0006719604,-2.6909634e-05,0.0010563547
145361775,145361694,-0.0013265654,-0.003425275,0.0009168711
145384271,145384188,0.002509599,0.0010422659,0.0005869688
145404265,145404183,-0.002286657,-0.00068120565,-0.00041118084
145421759,145421679,0.0016516931,0.0035340597,0.000119574746
145441755,145441674,0.0018929369,-0.004689682,-0.0004991875
145464250,145464168,0.001620145,-0.0027215485,-0.0015549002
145484245,145484163,0.0030320385,0.0036615839,0.00049562857
145501740,145501659,0.0051163374,-0.0017895745,0.0027180214
145524235,145524153,0.0011533652,0.0053452183,0.0012561226
145544230,145544148,0.0025986885,-0.0024548485,1.2731762e-06
145561727,145561644,-0.0034933134,-0.00067661004,0.002892532
145581722,145581639,-0.001486659,0.001901224,6.264195e-05
145604216,145604133,-0.0052026673,-0.0026636892,-0.0013374807
145624210,145624128,0.004914749,0.00069556385,0.0014665643
145641706,145641623,-0.00040779193,0.0036201018,-0.0020678537
145664200,145664118,4.5422465e-05,0.002189865,-0.001744932
145684194,145684113,0.0008375007,8.468935e-05,0.000615963
145701757,145701609,-0.005148759,0.0053699235,-0.00015668811
145721690,145721604,0.0017838734,-0.00013756845,0.0016066442
145744177,145744098,0.0009849994,0.0041709994,-0.0013931099
145764173,145764092,-0.001851651,-0.0029470767,-0.0013027692
145781670,145781588,-0.0003045937,-0.0023961193,-0.0012945149
145804331,145804082,0.00063413894,0.0013990793,-0.0007241423
145824233,145824077,-0.0041234586,0.0035319182,-0.0017027556
145841657,145841575,0.0007449067,0.0053589726,0.0008462088
145861650,145861568,0.0024940954,0.00037249876,0.002108439
145884143,145884062,0.0054682395,0.0008203089,-0.0024364498
145904139,145904057,-0.0010616407,0.004867358,0.0008507768
145921638,145921553,-0.0022478644,-0.0038745836,-0.0007102414
145944128,145944047,-0.00092862034,-0.00013113907,-0.0024571929
145964124,145964042,-0.002206793,-0.0026050345,-0.0012515617
145981622,145981538,0.0011981567,0.0010321387,0.0026369197
146001619,146001532,-0.0025735202,0.0011759084,-0.0003551843
146024109,146024027,0.0040724925,-0.0025706035,0.0014363817
146044105,146044022,-0.0020041019,-0.0014742021,0.001178285
146061599,146061517,-0.0011914356,-0.001733514,0.00097516726
146084092,146084012,0.00067970017,0.00465083,0.0024301317
146104087,146104007,0.00082530454,-0.001999422,0.001066707
146121583,146121502,0.0006314004,0.0020953196,0.0007942433
146144078,146143997,0.0012585074,0.00065951375,-0.00042013172
146164072,146163992,-0.0009036106,-0.0012388648,0.0014680059
146184068,146183986,-0.0006344924,-0.0010407888,-0.0026303825
146201565,146201482,0.00077323895,0.00073149987,-0.0006885561
146224058,146223977,8.933293e-05,-0.0056621605,-0.0017583653
146244053,146243971,0.0017111404,0.0019846188,-0.0018144122
146261548,146261467,-0.0025547436,0.0022383623,-0.0011397819
146284042,146283961,0.0021984908,-0.0017025992,9.898827e-05
146304038,146303956,-0.0011008598,-0.0030781864,-0.000308775
146324033,146323951,-0.002424443,-0.002232566,-0.00069014495
146341527,146341447,-0.00078103854,-0.00038223714,-0.0021418747
146364025,146363941,0.0009422316,0.0012836768,-0.0009470313
146384105,146383936,-0.0013393934,0.0035795453,-0.0013259463
146401517,146401432,-0.00031683058,-0.003997833,-2.242258e-05
146424011,146423926,0.0007925541,0.0021963795,-0.004776025
146444006,146443921,-0.0009669303,-0.00061442424,-4.25155e-05
146463999,146463916,-0.00029630098,-0.0029011834,0.0008418266
146481492,146481411,0.00034161075,-0.0034643179,-0.00063742616
146503991,146503908,-0.0007125251,0.0037215678,-0.00020000467
146523983,146523901,-0.0012263935,-0.000991771,-0.000506895
146541477,146541396,0.000671871,0.0017211675,-0.0014978518
146563977,146563891,-0.0009764894,0.003376032,0.00021715353
146583969,146583887,0.0032094526,0.00026145857,0.0017703917
146603965,146603881,-0.0002930106,0.0013988558,-0.00041128177
146621457,146621376,0.00050294306,0.0014513712,-5.129876e-05
146643953,146643870,0.0028457125,-0.0045237886,-0.0023951023
146663949,146663865,-0.0009898159,-0.0037251078,0.0003254208
146681442,146681361,-0.002243749,-0.0006715157,0.0008695146
146703946,146703855,0.0032792352,-0.0038805827,7.9224264e-05
146723930,146723850,-0.0011107237,-0.0037017912,-0.0019246863
146743927,146743845,-0.002315528,-0.003099638,0.0002387968
146761420,146761341,0.0014929078,-0.0021219766,-0.002073463
146783917,146783835,0.003301179,-0.00363582,0.0034955554
146803913,146803830,-0.0026353437,0.0007847785,0.0010078114
146821408,146821326,-0.0008694546,-0.00081290863,-0.0022460215
146843901,146843820,-0.0045240195,-0.0012621745,-0.0010763565
146863899,146863815,-0.0032723448,-0.0026750593,-0.0014711759
146883890,146883810,-0.003187553,0.00032878434,-0.0018364744
146901387,146901306,-0.0013344488,-0.0036094896,0.00024378118
146923882,146923800,-0.0033375318,-0.0012550354,0.0007244785
146943986,146943795,-0.0040118946,0.0016507884,-0.00032490553
146961389,146961290,-0.0024602355,0.0054295524,-0.0007043255
146983865,146983785,0.0008199862,0.0019176479,-0.0028351166
147003860,147003780,-0.00080746855,0.00067806384,-0.0016537348
147023856,147023774,0.0020628152,-0.00052618654,0.0001381811
147041354,147041270,-0.003437914,0.0021003399,-0.0024050048
147063845,147063764,-0.0059384224,0.0010599131,0.0011453226
147083841,147083759,0.0006346358,-0.001995029,-0.0025471011
147101340,147101255,-0.0006720694,0.0024915691,-0.0016114666
147123833,147123749,0.0010765838,0.00084210606,-3.9856546e-05
147143827,147143744,-0.0033741985,0.0016697175,-0.0010974322
147163820,147163739,0.0028292574,-0.00056176493,-0.0027842622
147181317,147181235,0.0018021129,-0.0011922792,9.008628e-05
147203816,147203729,-0.002389593,-0.003797602,-0.000108436885
147223806,147223724,-0.0026765096,0.0039601685,-0.0030669717
147241302,147241220,-0.0013997329,-0.0021239258,0.0011196429
147263796,147263714,-0.001807665,0.0021895706,0.00049486686
147283791,147283709,-0.00060369633,0.0035955731,-0.00093869556
147303785,147303704,-0.0008074022,-0.00061896443,-0.0007943732
147321282,147321199,0.0006514359,0.0007456769,-0.0019068934
147343776,147343694,-0.00522237,0.003570961,0.0019460698
147363771,147363689,0.0025320332,0.0020912644,-0.004733401
147381268,147381184,-0.0005506142,0.0034713505,-0.0016586646
147403761,147403679,-0.004205554,-0.00078042876,0.00046528742
147423755,147423673,-0.0009482063,-0.0013922076,-0.0013887683
147443750,147443669,0.00019881106,-0.00502871,0.0011636779
147461246,147461164,-0.0030434157,0.00018021278,-0.0013079748
147483738,147483658,-0.0039622355,-0.0017989171,-0.0010802265
147503839,147503654,-0.00063971174,-0.0010175565,0.00054474245
147521255,147521149,-0.00046469108,0.0018662447,-0.00239552
147543727,147543643,0.0001395049,-0.0023035337,0.0016739832
147563722,147563638,0.0006417241,-0.0018952293,-0.0031588504
147583715,147583633,-0.0032677006,-0.000104436185,-0.0026104646
147601210,147601129,-0.0009278436,-0.0013219733,-0.00015651216
147623707,147623623,0.0020228485,-0.0013719173,-0.0024491951
147643700,147643618,-0.0028461919,-0.0024306043,0.00078072504
147661194,147661114,0.00026831497,0.0012208913,-0.0036839729
147683693,147683608,-0.0024956842,-0.0020450815,0.0019191367
147703687,147703603,0.00035748817,-0.0036484455,-0.0008632964
147723684,147723598,0.00095830206,-0.0003629024,0.001415499
147741174,147741094,-0.0007092233,0.0032537414,-0.004070314
147763671,147763588,0.002505782,-0.002336346,-0.0024638616
147783666,147783583,-0.0012202265,0.0017258227,0.00030998292
147801160,147801078,0.0009673666,0.0026600736,0.0013887745
147823655,147823573,-0.0035655238,0.00397983,-0.0007375191
147843695,147843568,-0.0007848698,0.0015713563,0.002103444
147863643,147863563,-0.0028995,0.0054547973,-0.00020810973
147881138,147881058,-6.844802e-05,0.0007792497,0.0009078137
147903637,147903553,0.003365192,-0.0021081357,-0.000220793
147923631,147923548,-0.0011435538,-0.0017098198,-0.0007798618
147941124,147941043,-0.0023877318,0.0010901489,0.00068374997
147963623,147963537,0.00095190573,0.0007090806,-0.0020359964
147983613,147983532,-4.2227563e-05,0.0002404186,-0.003504573
148006107,148006027,0.0008652811,0.0025461318,-0.00012230643
148021103,148021023,0.0007435614,0.00044065807,-0.0005911423
148043598,148043517,-0.0014891352,-0.0011050361,0.0025945
148063709,148063512,-0.0030013663,0.00040654745,-0.0010807526
148081123,148081008,-0.0037023525,-0.0013153371,-0.0014617424
148103583,148103502,0.0026745945,0.003720921,0.00092040777
148123578,148123497,0.00020329631,0.0011640382,-0.00016829293
148146078,148145992,-1.3561919e-05,-0.0009352914,-0.00077076844
148163573,148163489,-0.0029079816,-0.0017916607,0.00022240829
148183570,148183488,-0.0020938008,-0.0011241888,-0.0038770614
148203561,148203479,-0.0017180106,0.00073785894,-0.0019271346
148221054,148220972,0.0035599386,-0.0027452665,0.0018803255
148243550,148243470,-0.00022822502,0.0011570402,-0.0012626862
148263548,148263466,-0.0014852651,8.591823e-05,0.0028984316
148286038,148285956,-0.00079256855,0.00042661745,-0.0027877686
148303535,148303452,7.503433e-05,0.004908768,-0.0014512909
148323534,148323450,0.0033560554,0.0015211077,0.00012410707
148341024,148340942,-0.0021830762,0.0031204685,0.0009837406
148361019,148360938,-0.0021027047,-0.001714523,-0.0011393002
148383518,148383432,0.0029930365,-0.004000982,-0.0017714144
148403520,148403426,0.0023451396,0.00036721397,-0.0013139144
148426003,148425921,0.0018349085,0.0019871744,-0.0031041112
148443507,148443416,-0.00062411977,0.00073949434,-0.0031827583
148463495,148463411,-0.0026397684,0.0028831253,-0.0031736111
148483497,148483406,0.0010553717,0.002768561,-0.001882512
148500984,148500902,-0.0034808728,0.0016132491,-0.00035405485
148523479,148523396,0.0029232546,0.0041854084,-0.00079301826
148543479,148543391,-0.00068354374,0.0022543543,0.0005673785
148565967,148565885,-0.0040984075,-0.000117907766,-5.889203e-05
148583464,148583381,-0.0010688996,-0.0007889997,-0.0011448999
148603461,148603376,-0.0011868074,0.0026308778,-0.00058032066
148623579,148623371,0.0011729503,0.00076277833,-0.00027743558
148640991,148640866,0.0016770766,-0.0016931901,-0.00078248826
148663449,148663361,0.0036065097,0.0005614511,-0.002018461
148683444,148683356,-0.0025120983,0.004278861,-0.003634959
148705932,148705850,-0.0020169048,0.0046317317,-0.0024422698
148723429,148723346,-0.0013199027,0.0006225328,-4.3461645e-05
148743424,148743341,-0.003386179,0.0038376662,0.0018078422
148763419,148763336,0.0013254143,-0.00014670193,0.0022673162
148780915,148780831,0.0030162719,0.0034267928,-0.0016500138
148803409,148803326,-0.00034726504,0.0012263102,-0.0006604295
148823403,148823321,0.0017154112,0.0012932769,0.0009817418
148845942,148845815,0.0028613743,0.0031993454,-0.0014879756
148863392,148863311,-0.0015375445,1.0459218e-05,-0.00018851522
148883385,148883305,-0.00060960697,0.00036127865,0.001603383
148903380,148903300,0.0030281104,0.0014182157,0.0013380625
148920875,148920796,0.0021166413,-0.002255383,0.00033464836
148943370,148943290,-0.0033148131,-0.0017389897,-0.0012681655
148963365,148963285,-0.00017026509,0.0022871993,-0.00034539588
148985859,148985780,-0.000978614,0.0005051601,-0.0014236064
149003356,149003275,0.0047394168,0.0015675896,0.0020802384
149023351,149023270,0.00063839485,0.0023676096,-0.001876774
149043347,149043265,0.002034893,-0.0013994281,0.0024212888
149060843,149060761,0.00038344064,0.0014225007,0.0014886187
149083337,149083255,-0.0027782787,0.0005489392,0.0029497314
149103330,149103250,0.0022007863,0.0009300569,-0.00014603898
149125824,149125744,-0.001231523,0.0005713841,0.0013088464
149143320,149143240,-0.00048291474,-0.0013810215,0.0004979888
149163317,149163235,0.0001854254,0.00041477056,-0.0009038765
149183446,149183230,-0.00052240095,0.001648136,-0.00049816445
149200865,149200725,0.0029131735,0.00063046534,0.0004954047
149223300,149223220,0.00052226824,0.0018145777,0.0013608091
149243295,149243214,0.0015065104,0.0013666032,0.00036587642
149265791,149265709,0.0028213195,0.0022526877,-0.001131172
149283285,149283204,0.0002930027,-0.00078865467,-0.0015108355
149303281,149303199,-0.000117892865,0.0022842488,-0.0024297722
149323275,149323195,0.00067437976,-0.0013258662,0.0009769704
149340773,149340690,-0.002362995,-0.002089141,0.0017054349
149363267,149363184,-0.0005401708,0.0009817225,0.0030340166
149383260,149383179,0.0026532,-0.00070885103,0.0028094768
149405757,149405674,-0.00027347915,0.00047923578,0.0009884948
149423251,149423169,0.00044323457,0.004953031,0.00016093114
149443245,149443164,-0.0007239855,-0.00232773,0.00046346462
149463242,149463159,0.004100954,0.0040413337,0.00061101443
149480738,149480655,0.0009148419,-0.0017481204,0.0019913723
149503230,149503149,-0.00034097256,-6.223982e-05,-0.0018144686
149523226,149523144,0.00041231117,0.0038485168,0.0005831098
149545720,149545639,-0.0017452304,-0.0010599843,-0.0017857611
149563216,149563134,-0.0005267423,0.00020986842,-0.0009070825
149583211,149583129,0.0011122972,0.001083924,-0.00013494308
149603206,149603124,0.0012228354,-0.000853335,-0.0019326946
149620702,149620620,0.00092183007,0.00035320036,0.001954957
149643196,149643114,0.0008638445,-0.0011098748,-0.00051687146
149663192,149663109,0.0005870112,0.0030895679,-0.0030677058
149685739,149685603,0.0032879305,0.0031970288,-0.00025124266
149703185,149703099,-0.0017803132,-0.0006625019,-1.5454178e-05
149723175,149723094,-0.00074474583,0.0005667489,0.0021640242
149743312,149743089,0.00069970405,0.00020950148,-0.00069620163
149760728,149760584,0.0019444898,-0.0005691275,0.002160262
149783160,149783079,0.0039655636,-0.00072382716,0.0003080907
149803155,149803073,0.0026635542,0.0037056888,0.0017012883
149825651,149825568,0.0024861996,-0.0013761083,0.000674194
149843145,149843064,0.0051440177,-0.0014195303,0.0021722484
149863171,149863058,0.0051947637,-0.0017990214,-0.00039193692
149883133,149883053,0.00043522264,-0.00063956296,0.0015232216
149900631,149900549,0.0011168662,0.00061945664,-0.00033633644
149923122,149923043,0.0011968669,-0.0063824663,-0.0016581754
149943117,149943038,0.0040542805,0.0037756723,-0.0013859052
149965613,149965533,0.0012502638,-0.0010501612,0.0020304793
149983109,149983028,0.0049501657,-0.0022933763,-0.003191702
150003103,150003023,-0.0006468722,0.0022617737,0.00044546352
150023098,150023018,-0.0016440618,-0.0018682745,0.00086202397
150040593,150040514,0.00015177205,0.0001567346,0.0044140574
150063088,150063008,-0.0021568036,-0.0034135748,0.0006157148
150083084,150083003,0.00035574194,0.0012239199,0.001966027
150105577,150105497,0.0020432216,-0.002177135,-0.00018845525
150123074,150122993,-6.0055405e-05,-0.00126947,-0.000421444
150143069,150142988,0.0008038422,0.001542239,0.0009478629
150165566,150165482,0.00017248839,0.00089015765,-0.002416325
150183062,150182978,0.00037331576,0.0024727401,-0.00072687847
150203053,150202973,-0.0017043762,0.0005789185,-0.0008889602
150223048,150222968,0.0035373587,-0.001449049,0.00029877358
150245545,150245462,0.00015720911,0.0038849288,-1.04187275e-05
150263038,150262958,-0.0007361593,-0.0024550753,-0.0006846112
150283036,150282953,0.002111088,0.002281612,-0.0012053904
150305672,150305447,0.001308505,0.0059631923,-0.0034453156
150323089,150322942,0.0038997657,-0.0042862007,0.0004603119
150343019,150342937,0.003197169,0.0051866304,0.0014653339
150363013,150362932,0.0005876692,0.0021350288,-0.00043027598
150385510,150385427,0.0008635479,0.0050187157,0.0016056608
150403004,150402922,0.0031582555,-0.0014720843,0.0014408957
150422998,150422917,-0.0013173388,-0.0008731908,-0.001215545
150445494,150445412,-0.0018259862,0.00090516545,-5.0949602e-05
150462988,150462907,0.0008283146,-0.0025791237,0.0018641801
150482983,150482902,-0.0028945983,-0.00039947405,0.002773961
150502980,150502897,-0.00034735654,-0.0021567587,-0.0018280655
150525473,150525391,0.0037049383,-0.0015863548,0.00080784556
150542968,150542887,-0.0027420511,-0.00017104112,-0.00043714704
150562967,150562882,-0.0023277006,-0.0030364562,-0.0006877013
150585459,150585376,0.0020656774,9.895768e-06,0.0030835443
150602954,150602872,-0.0023318608,0.00075696874,0.0023187287
150622950,150622867,-0.0018907381,-0.0017672773,0.0017338726
150642944,150642862,0.0026199098,0.0022652608,-0.004135795
150665440,150665356,-0.0005367326,-0.00021644309,0.0008679334
150682994,150682852,0.0010206813,-0.00046437047,0.0023695817
150702926,150702847,0.0010025792,-0.0030056396,0.0016579903
150725421,150725341,0.0012604336,-0.0009079338,0.0009959702
150742917,150742837,-0.002787346,-0.0013336376,0.00050560007
150762912,150762832,-0.0007764376,-0.0018833573,0.00229885
150782907,150782826,0.0012260338,-0.0031143874,-0.0007635001
150805401,150805321,-0.0023535423,0.0034293304,-0.004104261
150822896,150822817,6.89507e-05,0.0032696666,0.004464491
150842894,150842811,-0.00026586838,-0.002241972,0.0011417182
150865536,150865306,-0.001148663,0.0017633135,-0.0029139493
150882956,150882801,0.0016086099,-0.0020821458,-0.0016043672
150902878,150902796,0.004142426,-0.0034839734,-0.000121469886
150922876,150922791,0.0008309635,-0.0017110747,0.0014685107
150945365,150945286,0.0005247069,0.00036454108,-0.0020739855
150962866,150962781,-0.00037170248,0.0017465423,6.7758316e-05
150982858,150982776,-0.0015497023,-0.00010613445,-0.00014194839
151005349,151005270,0.003623936,0.0035135979,-0.0017073308
151022848,151022766,0.00021823612,-0.006592865,0.0008451878
151042844,151042761,-0.00032873964,-0.006503404,0.001132671
151062837,151062756,-0.0007338291,-0.0033461107,-0.00062576425
151085330,151085250,-0.0021379453,-8.559739e-05,0.001447873
151102828,151102746,-0.0006767614,-0.0017208429,-0.0003098392
151122823,151122741,0.0040607136,0.00026409188,-0.00064824923
151145316,151145235,0.00488373,-0.0011701104,0.0046357177
151162812,151162731,-0.0066317758,-0.0004795352,-0.001171142
151182806,151182726,0.004269042,0.0013854257,0.0009270063
151202803,151202721,0.0006198732,-0.0005855425,8.955595e-05
151225294,151225215,-0.0016508702,-0.0016395585,-0.00021424971
151242791,151242711,-0.00037116325,-0.0009563216,-8.207557e-05
151262789,151262707,0.0010493838,0.00032438012,-0.0011199592
151285281,151285200,-0.0015972601,-0.0012396667,-0.0023887649
151302776,151302696,0.0003372836,0.001457552,-0.0026307276
151322772,151322691,0.0041987225,0.0017173453,-0.00034680305
151342772,151342686,-0.0033424862,0.0021124966,-0.0003837878
151365262,151365180,-0.0020513213,-0.0053024413,-0.0011385095
151382757,151382676,0.000946461,-0.00017408188,0.00030462118
151403950,151402670,-0.00034742872,0.0008954075,-0.0018374354
151425411,151425165,-0.0029916463,0.0022906105,-0.0009389063
151442824,151442660,-0.0042707426,0.0010448429,0.0005676072
151462735,151462655,-0.0058204685,-0.0023918701,-0.0024654772
151482730,151482650,0.0028160021,-0.00033382094,-0.00019356771
151505226,151505144,-0.0012182074,-5.1329378e-05,-0.0009368757
151522722,151522640,-0.0040224465,-0.0041826316,0.0019877872
151542719,151542635,-0.0021958952,-0.0034783096,-0.00036004413
151565211,151565129,-0.00076333084,-0.0030770064,0.0010399591
151582706,151582625,-0.0024914155,-0.0026616915,0.001684889
151602701,151602620,-0.0029017134,-0.001682593,-0.0018022107
151622699,151622615,0.00050258497,-0.005013131,0.00029406
151645193,151645109,-0.0023246347,-0.002404735,-0.0004222476
151662689,151662605,0.00016427576,-0.00082806684,-0.00076411496
151682707,151682600,0.00062905345,-0.003884424,0.0029240744
151705174,151705094,-4.044571e-05,-0.0049432744,-0.0028148242
151722673,151722590,-0.00085746753,0.001442824,0.0021239934
151742665,151742585,0.0009944332,-0.0024187374,0.0005639624
151762659,151762580,-0.001421314,0.0017946721,-0.0003036793
151785153,151785074,-0.002877827,0.0007554325,-0.0016916222
151802649,151802570,0.000798916,0.002358307,-0.0026287672
151822645,151822564,-0.0042147776,0.0008695591,-0.00012453954
151845139,151845059,-0.00021678186,-5.7696365e-05,-0.00044605424
151862637,151862555,0.00089414,-0.0027716183,-0.00018702328
151882632,151882550,-0.0049537504,-0.0010655802,0.00050374214
151902626,151902544,-0.004058911,0.0014349353,0.0006508294
151925119,151925039,-0.0008185578,0.0045829015,-0.0006916751
151942616,151942534,0.0028650402,-0.0007521105,0.0026423882
151962610,151962529,-0.002013409,-0.002473895,0.0010573234
151985106,151985024,-0.0025819188,0.0015656082,-0.000782178
152002698,152002519,-0.0005327498,5.4621603e-05,-0.0012893709
152022605,152022514,-0.0014050391,-0.00024244329,-0.00192448
152045090,152045008,-0.0030431862,-0.0020371075,0.0016751044
152065084,152065003,0.0020308448,0.0012456621,-0.0014868482
152082580,152082499,0.002568237,-0.002604404,-0.0031395673
152102575,152102494,-0.004000735,-0.0011080648,-0.0015885963
152125069,152124988,5.096756e-05,-0.00056246575,-0.0024175644
152142565,152142484,6.133318e-05,-0.0023500784,0.0019433562
152162561,152162479,-0.0009861174,-0.0008706106,0.00042427322
152185057,152184973,0.0025241585,0.0060292655,-0.00013095801
152205049,152204968,-0.0031739,-7.8191515e-05,-0.0013565932
152222546,152222464,0.00056319917,0.00064603006,-0.002180502
152242541,152242459,-0.002612876,0.0006828541,-3.9889077e-05
152265035,152264953,-2.4169683e-05,0.00033848966,-0.00018210642
152282531,152282449,-0.004063701,0.0012606,0.0029055374
152302524,152302444,-0.00049605756,0.001979828,-0.0006241893
152325018,152324938,-0.0024547921,-0.005490798,-0.0013906698
152345014,152344933,-0.002069327,0.0025091148,0.0037709475
152362510,152362429,-0.0031458572,-0.0008614403,-0.00010841002
152382505,152382424,-0.0035120668,0.004282552,-0.0029996512
152404999,152404918,0.0009896136,-0.0024942732,-0.00018652747
152414998,152414915,-0.003485163,0.0021006928,-0.0025760706
152442490,152442409,-0.0011681137,0.0028588746,-0.0012648348
152464986,152464905,0.0012839353,0.0035295864,-0.0026177869
152484978,152484898,0.001015035,-0.0023754756,-0.001256098
152502475,152502393,-0.004351523,-0.0013569775,0.0022661889
152522472,152522388,0.000733434,0.0021574344,0.001803447
152544967,152544883,-0.0030782814,-0.0029650386,-0.00083402806
152562562,152562378,-0.004634763,-0.0004320084,-0.0007172301
152582474,152582373,0.0036193335,0.0018529547,0.0012682086
152604952,152604868,0.0030942394,0.004972049,0.00020747686
152624948,152624863,0.0020166126,0.0032409283,0.00073676073
152642439,152642358,-0.0039817207,0.00028183358,-0.0027202293
152662495,152662353,-0.00045922864,0.0006075646,-0.0017432565
152684928,152684849,-0.0031800515,0.003571938,-0.0005160898
152702422,152702343,-0.002461071,-0.0012470637,-0.0031789714
152722417,152722338,-0.0016860886,-0.0040163994,-0.0012979298
152744912,152744832,0.00033517997,0.0003500199,0.0012429969
152764910,152764827,-0.0015203895,0.0023437066,-3.7979575e-05
152782406,152782323,0.00081079104,0.00043028686,0.00026932367
152802398,152802318,-0.0015298795,0.004842085,-0.0024357084
152824896,152824812,-0.0007996799,-0.004223004,0.00029029403
152842388,152842308,-0.00062958547,-0.0005599172,-0.0028488059
152862383,152862303,-0.0017542578,-0.00021736743,-0.0021996966
152884877,152884797,-0.0008881057,-0.0052274205,0.0023464873
152904872,152904792,-0.0010877755,0.0008286596,-0.0019083362
152922369,152922288,-0.0005647582,-0.0014227456,-0.00093471626
152942364,152942283,-0.0003023513,-0.003960518,-0.0016931647
152964859,152964777,7.846812e-05,0.0036720869,-0.00069410715
152982352,152982272,-0.0019138377,-0.0017004823,-0.0018039302
153002348,153002267,0.0019723212,0.00035281526,0.0007383844
153024842,153024762,0.0017043923,0.0006383341,0.0018484971
153044838,153044757,-0.0001476924,0.0013593715,-0.00034312933
153062333,153062252,-0.0015550626,-0.0008133594,0.00207862
153082329,153082247,-0.0025810217,0.00011585187,-0.0022210018
153104823,153104742,-0.00349481,0.0047723725,-0.004940204
153122433,153122237,-0.0007908256,0.001759795,-0.0008593091
153142342,153142232,0.0014010842,0.0052167564,-0.0035914779
153164808,153164727,-0.001661173,-0.00016888743,-0.0012498932
153184803,153184721,0.002161421,-0.0017941389,0.00036364613
153202303,153202217,-0.0008337246,0.0034115843,8.82977e-05
153222295,153222212,-0.003040805,0.0017545526,-0.000634429
153244787,153244706,-0.0045729997,-0.0011847764,0.001767651
153262285,153262202,-0.0010371783,0.00070638536,0.0016392055
153282280,153282197,-0.00042694714,0.0031591058,-0.0021365094
153304772,153304691,0.004084102,8.86647e-05,-0.00031129364
153324767,153324686,0.003925449,0.0034289223,0.0006279211
153342264,153342182,0.00026425743,0.0024992672,0.00014789343
153362259,153362177,-0.005107091,0.0013084649,-0.00087431155
153384754,153384671,0.0015608373,0.00078942254,-0.0020811865
153402251,153402167,0.0021931368,-0.0011146045,0.0005370666
153422247,153422162,-0.0001116686,0.0022212374,-0.0017139274
153444739,153444656,-0.0018778836,0.00023718597,0.00044246644
153464736,153464651,-0.0023046446,0.0028007312,0.002140037
153482232,153482147,0.0039882166,-0.0035352428,-0.0030230274
153502226,153502141,0.00487375,0.0006273468,0.00089928595
153524721,153524636,-0.0017368151,0.00025977707,9.678639e-05
153542216,153542132,0.0037432201,-0.00075839227,-0.0011805714
153562211,153562127,0.0035936558,-0.0007962263,-0.0007566311
153584706,153584621,-0.00030901656,0.0029052116,-0.0028984803
153604702,153604616,0.00016381126,0.0012735263,-0.0042263055
153622197,153622111,2.2563152e-05,-0.001132953,0.0012816429
153642237,153642106,-0.0032754857,-0.00636076,-0.0009687918
153664685,153664601,-0.006231553,-0.00023228582,-0.0013151492
153682299,153682096,0.0046526096,0.0018362682,0.001792582
153702221,153702091,-0.0021169349,8.501811e-05,-1.0614599e-06
153724671,153724586,-0.003779023,0.0037338696,-0.0012082693
153744663,153744580,0.0008688215,-4.217634e-05,0.003319174
153762158,153762076,0.0012317696,0.001716252,-0.0023388057
153782154,153782071,0.0005246848,0.0047377134,0.0018994398
153804649,153804565,-0.0032769416,0.00016086921,0.0008685504
153822143,153822061,-0.0037007143,-0.00052828295,0.0022166546
153842139,153842056,0.0005418244,0.0028109753,0.0011594353
153864635,153864550,2.5405549e-05,0.0010203347,0.0019268382
153884631,153884545,0.0031932532,0.0038829404,0.0010477708
153902124,153902041,0.00014569331,-0.0007260614,0.001293368
153922119,153922036,0.00030521885,0.0024416544,-0.002828001
153944614,153944530,0.0038174903,-0.00063237734,-0.0012072055
153962109,153962026,0.0063175545,0.0034796027,-0.00044402824
153982102,153982021,0.003267942,-0.0049793255,-0.0014862068
154004599,154004515,0.00037295045,0.0023118695,-0.0011941689
154024592,154024510,0.0004827152,0.00024676556,-0.0031436076
154042088,154042006,0.0021410212,-0.002587662,0.00064729905
154064585,154064500,0.0015072641,-0.00018156227,0.0010363653
154084578,154084495,-0.0015430396,-0.0022385856,0.0008679005
154102074,154101990,0.0011668806,0.0013558432,-0.0018228231
154122070,154121986,0.00047085434,-0.00085248426,0.0030037402
154144564,154144480,-0.0072523905,-0.0003177873,0.00093847996
154164559,154164475,0.0029822798,0.0013576061,-0.002227117
154182055,154181970,-5.942094e-05,-0.00011746911,0.00032946168
154204548,154204465,0.0018998464,0.0033900621,-0.00036499806
154224542,154224460,0.0026523918,0.00040496793,0.002029101
154242176,154241955,0.002811363,0.0034176686,0.0033621883
154262084,154261950,0.0030169329,0.004056309,-0.0032454873
154284527,154284445,-0.00092924084,-0.0027285088,0.0009740617
154304525,154304439,0.002157874,0.00025254674,-0.0017751524
154322020,154321935,-0.0015562465,0.0033635036,-0.00088589673
154344511,154344429,0.004004231,-0.0062582335,-3.889842e-06
154364508,154364424,0.002393783,-0.0010333774,0.00016771619
