timestamp,timestamp_sample,output_tracking_error[0],output_tracking_error[1],output_tracking_error[2],control_mode_flags,filter_fault_flags,pos_horiz_accuracy,pos_vert_accuracy,mag_test_ratio,vel_test_ratio,pos_test_ratio,hgt_test_ratio,tas_test_ratio,hagl_test_ratio,beta_test_ratio,time_slip,accel_device_id,gyro_device_id,baro_device_id,mag_device_id,gps_check_fail_flags,innovation_check_flags,solution_status_flags,reset_count_vel_ne,reset_count_vel_d,reset_count_pos_ne,reset_count_pod_d,reset_count_quat,pre_flt_fail_innov_heading,pre_flt_fail_innov_vel_horiz,pre_flt_fail_innov_vel_vert,pre_flt_fail_innov_height,pre_flt_fail_mag_field_disturbed,health_flags,timeout_flags
476028032,475927919,2.2022225e-05,0.000371871,0.00080565206,604111379,0,0.0108977975,0.27387556,0.0028870837,nan,nan,0.000102792386,0.0,0.0,0.0,0.0,2490378,2490378,4028193,396321,43,0,229,1,0,1,0,2,0,0,0,0,0,0,0
476038038,475937872,2.046944e-05,0.00035460253,0.000718604,604111379,0,0.011092266,0.27140376,0.0028870837,nan,nan,0.000102792386,0.0,0.0,0.0,0.0,2490378,2490378,4028193,396321,43,0,229,1,0,1,0,2,0,0,0,0,0,0,0
476237037,476136940,9.2728566e-05,0.00038977477,0.0010755217,604111379,0,0.010897801,0.27376613,0.011548332,nan,nan,0.00466696,0.0,0.0,0.0,0.0,2490378,2490378,4028193,396321,43,0,229,1,0,1,0,2,0,0,0,0,0,0,0
476435961,476336008,0.00015718071,0.00016971742,0.0011833861,604111379,0,0.01674128,0.27336308,0.01689238,nan,nan,0.006424187,0.0,0.0,0.0,0.0,2490378,2490378,4028193,396321,43,0,229,1,0,1,0,2,0,0,0,0,0,0,0
476635187,476535076,9.5989e-05,0.0001566347,0.0002621454,604111379,0,0.016388956,0.27295977,0.012641069,nan,nan,0.009626135,0.0,0.0,0.0,0.0,2490378,2490378,4028193,396321,43,0,229,1,0,1,0,2,0,0,0,0,0,0,0
476834119,476734143,2.8335431e-05,0.00014123945,0.00035372426,604111379,0,0.016042236,0.27339008,0.0011311616,nan,nan,0.0043092845,0.0,0.0,0.0,0.0,2490378,2490378,4028193,396321,43,0,229,1,0,1,0,2,0,0,0,0,0,0,0
477033210,476933211,8.899163e-05,9.81734e-05,0.00026885435,604111379,0,0.015701268,0.27299163,0.017360032,nan,nan,0.0013054584,0.0,0.0,0.0,0.0,2490378,2490378,4028193,396321,43,0,229,1,0,1,0,2,0,0,0,0,0,0,0
477232242,477132279,0.00010768189,0.00015973458,0.0005767874,604111379,0,0.015366139,0.2725946,0.0061408523,nan,nan,0.0043268804,0.0,0.0,0.0,0.0,2490378,2490378,4028193,396321,43,0,229,1,0,1,0,2,0,0,0,0,0,0,0
477431645,477331347,0.0001332478,0.0002516384,0.0007068232,604111379,0,0.015036911,0.27302605,0.0050923615,nan,nan,0.0020545812,0.0,0.0,0.0,0.0,2490378,2490378,4028193,396321,43,0,229,1,0,1,0,2,0,0,0,0,0,0,0
477630368,477530415,3.7002763e-05,0.00030188862,0.00094419625,604111379,0,0.014713646,0.27263203,0.0032848835,nan,nan,0.012174954,0.0,0.0,0.0,0.0,2490378,2490378,4028193,396321,43,0,229,1,0,1,0,2,0,0,0,0,0,0,0
477839392,477739436,6.989706e-05,0.0002866443,0.00084256014,604111379,0,0.01471365,0.27252552,0.008542281,nan,nan,0.0004746349,0.0,0.0,0.0,0.0,2490378,2490378,4028193,396321,43,0,229,1,0,1,0,2,0,0,0,0,0,0,0
478038582,477938503,9.6784075e-05,0.0003577562,0.0026498646,604111379,0,0.014396382,0.27213264,0.018208398,nan,nan,0.012390225,0.0,0.0,0.0,0.0,2490378,2490378,4028193,396321,43,0,229,1,0,1,0,2,0,0,0,0,0,0,0
478237518,478137571,7.6940996e-05,0.00019594695,0.0009601915,604111379,0,0.014085156,0.27256584,0.010017245,nan,nan,0.0015371384,0.0,0.0,0.0,0.0,2490378,2490378,4028193,396321,43,0,229,1,0,1,0,2,0,0,0,0,0,0,0
478436667,478336639,3.646221e-05,0.0002280493,0.0009155329,604111379,0,0.013780199,0.272176,0.0018352385,nan,nan,0.004792458,0.0,0.0,0.0,0.0,2490378,2490378,4028193,396321,43,0,229,1,0,1,0,2,0,0,0,0,0,0,0
478636135,478535707,7.7870616e-05,0.00036900575,0.0018719336,604111379,0,0.013481586,0.27178925,0.016748378,nan,nan,0.012566353,0.0,0.0,0.0,0.0,2490378,2490378,4028193,396321,43,0,229,1,0,1,0,2,0,0,0,0,0,0,0
478834850,478734775,0.0001480507,0.00024006244,0.00041989947,604111379,0,0.013189363,0.27222538,0.021456977,nan,nan,0.005906315,0.0,0.0,0.0,0.0,2490378,2490378,4028193,396321,43,0,229,1,0,1,0,2,0,0,0,0,0,0,0
479033795,478933843,0.00013900636,8.418245e-05,0.0012962145,604111379,0,0.012903677,0.27183813,0.010410462,nan,nan,0.012486518,0.0,0.0,0.0,0.0,2490378,2490378,4028193,396321,43,0,229,1,0,1,0,2,0,0,0,0,0,0,0
479232863,479132910,5.1495048e-05,0.000120212346,0.0018993216,604111379,0,0.012624482,0.27145746,0.0025866018,nan,nan,0.011498576,0.0,0.0,0.0,0.0,2490378,2490378,4028193,396321,43,0,229,1,0,1,0,2,0,0,0,0,0,0,0
479432017,479331979,5.8435173e-05,0.00013260328,0.0018919525,604111379,0,0.012351885,0.27189487,0.012270409,nan,nan,0.002916397,0.0,0.0,0.0,0.0,2490378,2490378,4028193,396321,43,0,229,1,0,1,0,2,0,0,0,0,0,0,0
479631079,479531049,0.00014379539,0.00015676535,0.0010752757,604111379,0,0.012086129,0.27151367,0.018084554,nan,nan,0.001919891,0.0,0.0,0.0,0.0,2490378,2490378,4028193,396321,43,0,229,1,0,1,0,2,0,0,0,0,0,0,0
479830112,479730114,0.00011025204,0.00018444283,0.0009512123,604111379,0,0.011827212,0.2711339,0.014412241,nan,nan,0.008322612,0.0,0.0,0.0,0.0,2490378,2490378,4028193,396321,43,0,229,1,0,1,0,2,0,0,0,0,0,0,0
480039090,479939135,3.7271293e-05,0.00019838173,0.0007435492,604111379,0,0.011827221,0.27102998,0.0010353728,nan,nan,0.0028870048,0.0,0.0,0.0,0.0,2490378,2490378,4028193,396321,43,0,229,1,0,1,0,2,0,0,0,0,0,0,0
480238260,480138203,5.2625506e-05,0.00017321305,0.00035834935,604111379,0,0.0115751745,0.27146757,0.015639497,nan,nan,0.0016642223,0.0,0.0,0.0,0.0,2490378,2490378,4028193,396321,43,0,229,1,0,1,0,2,0,0,0,0,0,0,0
480437363,480337271,0.00020461131,0.00018073649,0.0009119226,604111379,0,0.011330191,0.2710903,0.020731853,nan,nan,0.00042442058,0.0,0.0,0.0,0.0,2490378,2490378,4028193,396321,43,0,229,1,0,1,0,2,0,0,0,0,0,0,0
480636487,480536339,0.00014552246,0.00014014904,0.0002991549,604111379,0,0.011092344,0.27071783,0.013725856,nan,nan,0.0032030465,0.0,0.0,0.0,0.0,2490378,2490378,4028193,396321,43,0,229,1,0,1,0,2,0,0,0,0,0,0,0
480835856,480735406,1.4128346e-05,0.00012108143,0.0016204831,604111379,0,0.010897842,0.2738985,0.002608565,nan,nan,0.01609841,0.0,0.0,0.0,0.0,2490378,2490378,4028193,396321,43,0,229,1,0,1,0,2,0,0,0,0,0,0,0
481034493,480934474,6.2179526e-05,0.00016409741,0.00078924396,604111379,0,0.016741326,0.27349275,0.013970818,nan,nan,0.00018950221,0.0,0.0,0.0,0.0,2490378,2490378,4028193,396321,43,0,229,1,0,1,0,2,0,0,0,0,0,0,0
481233578,481133542,0.00011988503,8.8465444e-05,6.500242e-05,604111379,0,0.016388915,0.27308866,0.017352402,nan,nan,0.012898135,0.0,0.0,0.0,0.0,2490378,2490378,4028193,396321,43,0,229,1,0,1,0,2,0,0,0,0,0,0,0
481432643,481332610,0.00011661545,0.00010651222,0.0006118807,604111379,0,0.016042173,0.27352282,0.01316149,nan,nan,0.010563206,0.0,0.0,0.0,0.0,2490378,2490378,4028193,396321,43,0,229,1,0,1,0,2,0,0,0,0,0,0,0
481631731,481531678,8.729229e-05,0.00015921336,0.0013186594,604111379,0,0.015701141,0.2731234,0.018297171,nan,nan,0.00082669366,0.0,0.0,0.0,0.0,2490378,2490378,4028193,396321,43,0,229,1,0,1,0,2,0,0,0,0,0,0,0
481830697,481730746,6.7512476e-05,7.2093215e-05,0.0003836156,604111379,0,0.0153659815,0.27272382,0.017498827,nan,nan,0.004952753,0.0,0.0,0.0,0.0,2490378,2490378,4028193,396321,43,0,229,1,0,1,0,2,0,0,0,0,0,0,0
482029822,481929814,0.00022856171,0.00020946284,0.0017628055,604111379,0,0.015036787,0.27232757,0.036227375,nan,nan,0.00063284126,0.0,0.0,0.0,0.0,2490378,2490378,4028193,396321,43,0,229,1,0,1,0,2,0,0,0,0,0,0,0
482238795,482138835,0.00013650686,0.00024617856,0.00070388796,604111379,0,0.015036827,0.27305043,0.010678609,nan,nan,0.014732479,0.0,0.0,0.0,0.0,2490378,2490378,4028193,396321,43,0,229,1,0,1,0,2,0,0,0,0,0,0,0
482437863,482337903,5.9526512e-05,0.00032759807,0.0013208847,604111379,0,0.014713599,0.2726553,0.0066798944,nan,nan,0.013620373,0.0,0.0,0.0,0.0,2490378,2490378,4028193,396321,43,0,229,1,0,1,0,2,0,0,0,0,0,0,0
482636951,482536971,5.8218833e-05,0.00027450806,0.00034258782,604111379,0,0.014396438,0.27226,0.01102791,nan,nan,0.0069465307,0.0,0.0,0.0,0.0,2490378,2490378,4028193,396321,43,0,229,1,0,1,0,2,0,0,0,0,0,0,0
482836044,482736038,8.4049934e-05,0.00027179264,0.0012283508,604111379,0,0.014085338,0.27187142,0.010989779,nan,nan,0.00052070845,0.0,0.0,0.0,0.0,2490378,2490378,4028193,396321,43,0,229,1,0,1,0,2,0,0,0,0,0,0,0
483035333,482935106,0.00010923489,0.00024165389,0.0016502304,604111379,0,0.013780441,0.27230638,0.010401621,nan,nan,0.006816649,0.0,0.0,0.0,0.0,2490378,2490378,4028193,396321,43,0,229,1,0,1,0,2,0,0,0,0,0,0,0
483234175,483134177,4.6615707e-05,0.00015802539,0.00021611483,604111379,0,0.013481798,0.2719172,0.0022678138,nan,nan,8.779939e-05,0.0,0.0,0.0,0.0,2490378,2490378,4028193,396321,43,0,229,1,0,1,0,2,0,0,0,0,0,0,0
483433247,483333242,4.951476e-05,0.0001748095,0.0010351529,604111379,0,0.013189527,0.2715312,0.0049923025,nan,nan,5.2158175e-06,0.0,0.0,0.0,0.0,2490378,2490378,4028193,396321,43,0,229,1,0,1,0,2,0,0,0,0,0,0,0
483632309,483532310,0.00019021175,0.00010656947,0.00010430713,604111379,0,0.012903733,0.2719691,0.017424092,nan,nan,0.010300241,0.0,0.0,0.0,0.0,2490378,2490378,4028193,396321,43,0,229,1,0,1,0,2,0,0,0,0,0,0,0
483831329,483731378,0.0001192854,0.00013044555,0.0005199678,604111379,0,0.012624514,0.2715859,0.013780463,nan,nan,0.0039753416,0.0,0.0,0.0,0.0,2490378,2490378,4028193,396321,43,0,229,1,0,1,0,2,0,0,0,0,0,0,0
484030528,483930446,4.0042003e-05,0.00020703892,0.0010110757,604111379,0,0.012351955,0.27120423,0.0064413347,nan,nan,0.0054084077,0.0,0.0,0.0,0.0,2490378,2490378,4028193,396321,43,0,229,1,0,1,0,2,0,0,0,0,0,0,0
484239808,484139468,1.4133121e-05,0.00019928392,0.00082448917,604111379,0,0.012351932,0.27191645,0.005582286,nan,nan,0.00050634885,0.0,0.0,0.0,0.0,2490378,2490378,4028193,396321,43,0,229,1,0,1,0,2,0,0,0,0,0,0,0
484438581,484338535,8.220979e-05,0.00023777969,0.00020813024,604111379,0,0.012086125,0.27153745,0.0061298725,nan,nan,0.0043431153,0.0,0.0,0.0,0.0,2490378,2490378,4028193,396321,43,0,229,1,0,1,0,2,0,0,0,0,0,0,0
484637569,484537603,6.351989e-05,0.00021219105,0.0004760256,604111379,0,0.011827132,0.27115825,0.006396184,nan,nan,0.00047877544,0.0,0.0,0.0,0.0,2490378,2490378,4028193,396321,43,0,229,1,0,1,0,2,0,0,0,0,0,0,0
484836682,484736671,3.591467e-05,0.00021727406,0.00054042164,604111379,0,0.011575073,0.2707806,0.0032040435,nan,nan,0.0017571079,0.0,0.0,0.0,0.0,2490378,2490378,4028193,396321,43,0,229,1,0,1,0,2,0,0,0,0,0,0,0
485035695,484935738,2.177404e-05,0.0002913604,0.00051825785,604111379,0,0.011330089,0.2712215,0.007913856,nan,nan,0.0072008804,0.0,0.0,0.0,0.0,2490378,2490378,4028193,396321,43,0,229,1,0,1,0,2,0,0,0,0,0,0,0
485234965,485134806,0.000104611856,0.00033135532,0.00084008614,604111379,0,0.011092251,0.27084807,0.0043827947,nan,nan,0.003736358,0.0,0.0,0.0,0.0,2490378,2490378,4028193,396321,43,0,229,1,0,1,0,2,0,0,0,0,0,0,0
485433936,485333874,0.00011939377,0.0003591959,0.00082852814,604111379,0,0.01089778,0.27319363,0.00640595,nan,nan,0.010015952,0.0,0.0,0.0,0.0,2490378,2490378,4028193,396321,43,0,229,1,0,1,0,2,0,0,0,0,0,0,0
485632888,485532942,3.492992e-05,0.00015075113,0.00014807798,604111379,0,0.016741117,0.2736249,0.003156759,nan,nan,0.00028295227,0.0,0.0,0.0,0.0,2490378,2490378,4028193,396321,43,0,229,1,0,1,0,2,0,0,0,0,0,0,0
485832040,485732010,7.018988e-05,0.00012994811,8.428601e-05,604111379,0,0.016388787,0.27322167,0.011322903,nan,nan,0.00030272728,0.0,0.0,0.0,0.0,2490378,2490378,4028193,396321,43,0,229,1,0,1,0,2,0,0,0,0,0,0,0
486031200,485931078,8.814592e-05,0.00012266668,0.00039855574,604111379,0,0.016042199,0.27281997,0.009514507,nan,nan,0.007813504,0.0,0.0,0.0,0.0,2490378,2490378,4028193,396321,43,0,229,1,0,1,0,2,0,0,0,0,0,0,0
486230097,486130146,6.6745895e-05,0.00016470902,0.0011532534,604111379,0,0.015701285,0.27325243,0.009012381,nan,nan,0.005727764,0.0,0.0,0.0,0.0,2490378,2490378,4028193,396321,43,0,229,1,0,1,0,2,0,0,0,0,0,0,0
486429522,486329214,1.3505158e-05,0.00013133472,0.00041407748,604111379,0,0.015366149,0.27285373,0.004697614,nan,nan,0.0021069378,0.0,0.0,0.0,0.0,2490378,2490378,4028193,396321,43,0,229,1,0,1,0,2,0,0,0,0,0,0,0
486638301,486538235,5.6292865e-05,0.00014274452,0.00065817736,604111379,0,0.0153661305,0.27274737,0.010783248,nan,nan,0.00059459085,0.0,0.0,0.0,0.0,2490378,2490378,4028193,396321,43,0,229,1,0,1,0,2,0,0,0,0,0,0,0
486837255,486737303,0.00012894576,0.00019319629,0.0009838523,604111379,0,0.015036925,0.27318007,0.02167388,nan,nan,0.006341533,0.0,0.0,0.0,0.0,2490378,2490378,4028193,396321,43,0,229,1,0,1,0,2,0,0,0,0,0,0,0
487036388,486936371,0.00016508464,0.00020754951,0.00018445158,604111379,0,0.014713659,0.27278244,0.018554946,nan,nan,0.002055231,0.0,0.0,0.0,0.0,2490378,2490378,4028193,396321,43,0,229,1,0,1,0,2,0,0,0,0,0,0,0
487235488,487135439,2.6756197e-05,0.00026473968,0.00063087913,604111379,0,0.01439644,0.2723916,0.0025356575,nan,nan,0.0038279502,0.0,0.0,0.0,0.0,2490378,2490378,4028193,396321,43,0,229,1,0,1,0,2,0,0,0,0,0,0,0
487434532,487334507,7.075989e-05,0.0002927545,0.00078620046,604111379,0,0.014085299,0.27200043,0.009789363,nan,nan,0.0077165035,0.0,0.0,0.0,0.0,2490378,2490378,4028193,396321,43,0,229,1,0,1,0,2,0,0,0,0,0,0,0
487633525,487533574,0.0001189555,0.00028536274,0.00085473957,604111379,0,0.013780414,0.2724341,0.013867105,nan,nan,0.0019037825,0.0,0.0,0.0,0.0,2490378,2490378,4028193,396321,43,0,229,1,0,1,0,2,0,0,0,0,0,0,0
487832682,487732642,0.00010976727,0.00022350957,0.0004138883,604111379,0,0.0134818675,0.2720459,0.020176947,nan,nan,0.00044703943,0.0,0.0,0.0,0.0,2490378,2490378,4028193,396321,43,0,229,1,0,1,0,2,0,0,0,0,0,0,0
488031691,487931710,3.97876e-05,0.00017149928,0.00012038152,604111379,0,0.013189626,0.27166086,0.00020652551,nan,nan,0.00041031232,0.0,0.0,0.0,0.0,2490378,2490378,4028193,396321,43,0,229,1,0,1,0,2,0,0,0,0,0,0,0
488230824,488130778,9.323075e-05,5.0547118e-05,0.0006840615,604111379,0,0.012903812,0.27209583,0.019872509,nan,nan,0.012289699,0.0,0.0,0.0,0.0,2490378,2490378,4028193,396321,43,0,229,1,0,1,0,2,0,0,0,0,0,0,0
488439820,488339800,0.00015426982,7.511375e-05,4.0357514e-05,604111379,0,0.01290385,0.27198768,0.025325458,nan,nan,0.0043259044,0.0,0.0,0.0,0.0,2490378,2490378,4028193,396321,43,0,229,1,0,1,0,2,0,0,0,0,0,0,0
488639058,488538870,0.00014266162,6.649335e-05,5.695518e-05,604111379,0,0.0126246,0.27160528,0.015574217,nan,nan,0.0005415814,0.0,0.0,0.0,0.0,2490378,2490378,4028193,396321,43,0,229,1,0,1,0,2,0,0,0,0,0,0,0
488837953,488737935,9.305431e-06,9.058443e-05,0.0009347689,604111379,0,0.012351949,0.27122432,0.005506938,nan,nan,0.0029712976,0.0,0.0,0.0,0.0,2490378,2490378,4028193,396321,43,0,229,1,0,1,0,2,0,0,0,0,0,0,0
489036976,488937003,7.737571e-05,0.00019657449,0.0010116729,604111379,0,0.012086109,0.27166107,0.012066944,nan,nan,0.010880795,0.0,0.0,0.0,0.0,2490378,2490378,4028193,396321,43,0,229,1,0,1,0,2,0,0,0,0,0,0,0
489236080,489136071,0.00013024546,0.0001664608,0.0009473163,604111379,0,0.011827162,0.27128127,0.015216073,nan,nan,0.009593578,0.0,0.0,0.0,0.0,2490378,2490378,4028193,396321,43,0,229,1,0,1,0,2,0,0,0,0,0,0,0
489435194,489335139,0.00012234657,0.00016283306,0.00095190085,604111379,0,0.01157516,0.2709062,0.009805532,nan,nan,0.008044207,0.0,0.0,0.0,0.0,2490378,2490378,4028193,396321,43,0,229,1,0,1,0,2,0,0,0,0,0,0,0
489634266,489534207,3.1798805e-05,8.052724e-05,0.00035433602,604111379,0,0.011330163,0.27134594,0.0024825758,nan,nan,0.0010668181,0.0,0.0,0.0,0.0,2490378,2490378,4028193,396321,43,0,229,1,0,1,0,2,0,0,0,0,0,0,0
489833814,489733275,5.557933e-05,0.00019352998,0.0009958254,604111379,0,0.011092316,0.27097037,0.006081974,nan,nan,0.0015375244,0.0,0.0,0.0,0.0,2490378,2490378,4028193,396321,43,0,229,1,0,1,0,2,0,0,0,0,0,0,0
490032472,489932343,0.00015502074,0.00026696804,0.00085096125,604111379,0,0.010897837,0.2733224,0.010836338,nan,nan,0.0042994283,0.0,0.0,0.0,0.0,2490378,2490378,4028193,396321,43,0,229,1,0,1,0,2,0,0,0,0,0,0,0
490231360,490131411,0.00014241476,5.123123e-05,0.0004928527,604111379,0,0.016741281,0.27375412,0.014939991,nan,nan,0.007777086,0.0,0.0,0.0,0.0,2490378,2490378,4028193,396321,43,0,229,1,0,1,0,2,0,0,0,0,0,0,0
490430544,490330479,3.5461235e-05,7.183247e-05,0.00076484244,604111379,0,0.016388996,0.2733502,0.0020500023,nan,nan,0.0029831673,0.0,0.0,0.0,0.0,2490378,2490378,4028193,396321,43,0,229,1,0,1,0,2,0,0,0,0,0,0,0
490629523,490529547,3.8504357e-05,0.00014180009,0.00049741485,604111379,0,0.016042372,0.2729461,0.0067561553,nan,nan,0.012611313,0.0,0.0,0.0,0.0,2490378,2490378,4028193,396321,43,0,229,1,0,1,0,2,0,0,0,0,0,0,0
490838529,490738568,9.5410935e-05,0.00042887032,0.0031788251,604111379,0,0.016042342,0.27284068,0.008954423,nan,nan,0.00902316,0.0,0.0,0.0,0.0,2490378,2490378,4028193,396321,43,0,229,1,0,1,0,2,0,0,0,0,0,0,0
491037589,490937636,9.803208e-05,0.0001621976,0.001004764,604111379,0,0.015701426,0.27327234,0.011665487,nan,nan,0.006909346,0.0,0.0,0.0,0.0,2490378,2490378,4028193,396321,43,0,229,1,0,1,0,2,0,0,0,0,0,0,0
491236654,491136704,5.9404647e-05,6.6984605e-05,0.0007187232,604111379,0,0.015366332,0.27287275,0.004734529,nan,nan,0.008217597,0.0,0.0,0.0,0.0,2490378,2490378,4028193,396321,43,0,229,1,0,1,0,2,0,0,0,0,0,0,0
491435721,491335772,8.55334e-05,0.00016604706,0.0011908942,604111379,0,0.01503706,0.27247652,0.014583079,nan,nan,0.003659494,0.0,0.0,0.0,0.0,2490378,2490378,4028193,396321,43,0,229,1,0,1,0,2,0,0,0,0,0,0,0
491634791,491534840,0.00022465741,0.00023966728,0.0010361782,604111379,0,0.0147138005,0.2729112,0.025726601,nan,nan,0.003694517,0.0,0.0,0.0,0.0,2490378,2490378,4028193,396321,43,0,229,1,0,1,0,2,0,0,0,0,0,0,0
491833926,491733908,0.0001263921,0.00022472342,0.00041994266,604111379,0,0.014396547,0.27251786,0.014631582,nan,nan,0.010447619,0.0,0.0,0.0,0.0,2490378,2490378,4028193,396321,43,0,229,1,0,1,0,2,0,0,0,0,0,0,0
492033312,491932976,1.5567879e-05,0.00036106017,0.0027965498,604111379,0,0.014085408,0.27212608,0.0017013182,nan,nan,0.016583793,0.0,0.0,0.0,0.0,2490378,2490378,4028193,396321,43,0,229,1,0,1,0,2,0,0,0,0,0,0,0
492232048,492132044,7.482219e-05,0.00023772875,0.0008176007,604111379,0,0.013780515,0.272562,0.017972896,nan,nan,0.008401445,0.0,0.0,0.0,0.0,2490378,2490378,4028193,396321,43,0,229,1,0,1,0,2,0,0,0,0,0,0,0
492431069,492331112,0.00011460299,0.00026898313,0.0008166561,604111379,0,0.013481914,0.27217478,0.014721268,nan,nan,0.0043602246,0.0,0.0,0.0,0.0,2490378,2490378,4028193,396321,43,0,229,1,0,1,0,2,0,0,0,0,0,0,0
492640163,492540133,0.00012437205,0.00027492418,0.0007492491,604111379,0,0.013481954,0.27206746,0.0121865235,nan,nan,0.0031712186,0.0,0.0,0.0,0.0,2490378,2490378,4028193,396321,43,0,229,1,0,1,0,2,0,0,0,0,0,0,0
492839263,492739201,5.0422754e-05,0.00030190632,0.0010668644,604111379,0,0.013189664,0.27167982,0.003771757,nan,nan,0.00103556,0.0,0.0,0.0,0.0,2490378,2490378,4028193,396321,43,0,229,1,0,1,0,2,0,0,0,0,0,0,0
493038237,492938269,5.331379e-05,0.0004060582,0.0021140876,604111379,0,0.012903831,0.2721174,0.0063815434,nan,nan,0.0069984454,0.0,0.0,0.0,0.0,2490378,2490378,4028193,396321,43,0,229,1,0,1,0,2,0,0,0,0,0,0,0
493237608,493137337,0.00014528609,0.00039818604,0.00039748536,604111379,0,0.012624623,0.2717342,0.020661075,nan,nan,0.0056462,0.0,0.0,0.0,0.0,2490378,2490378,4028193,396321,43,0,229,1,0,1,0,2,0,0,0,0,0,0,0
493436584,493336405,0.00016438808,0.00038126385,0.0002368982,604111379,0,0.012352067,0.27135086,0.010024572,nan,nan,0.0038075852,0.0,0.0,0.0,0.0,2490378,2490378,4028193,396321,43,0,229,1,0,1,0,2,0,0,0,0,0,0,0
493635537,493535473,2.7074537e-05,0.00034714292,0.000366195,604111379,0,0.012086194,0.2709723,0.0012434241,nan,nan,0.00076543074,0.0,0.0,0.0,0.0,2490378,2490378,4028193,396321,43,0,229,1,0,1,0,2,0,0,0,0,0,0,0
493834491,493734541,8.3391635e-05,0.00032853163,0.0002154451,604111379,0,0.011827211,0.27141082,0.008463275,nan,nan,0.005569832,0.0,0.0,0.0,0.0,2490378,2490378,4028193,396321,43,0,229,1,0,1,0,2,0,0,0,0,0,0,0
494033623,493933609,8.691676e-05,0.00026589705,0.0005776225,604111379,0,0.011575153,0.27103338,0.012384823,nan,nan,0.001961181,0.0,0.0,0.0,0.0,2490378,2490378,4028193,396321,43,0,229,1,0,1,0,2,0,0,0,0,0,0,0
494232685,494132677,0.00013709602,0.00024419418,0.00090744323,604111379,0,0.011330131,0.2714719,0.013292677,nan,nan,0.0007325845,0.0,0.0,0.0,0.0,2490378,2490378,4028193,396321,43,0,229,1,0,1,0,2,0,0,0,0,0,0,0
494431864,494331745,5.005413e-05,0.00029989134,0.0011351927,604111379,0,0.0110922335,0.2710972,0.00091182365,nan,nan,0.004015398,0.0,0.0,0.0,0.0,2490378,2490378,4028193,396321,43,0,229,1,0,1,0,2,0,0,0,0,0,0,0
494630876,494530813,5.3503514e-05,0.000342871,0.0014987525,604111379,0,0.010897763,0.27345237,0.012962908,nan,nan,0.010364757,0.0,0.0,0.0,0.0,2490378,2490378,4028193,396321,43,0,229,1,0,1,0,2,0,0,0,0,0,0,0
494829895,494729880,0.00017948514,0.0002471353,0.0019881662,604111379,0,0.016741091,0.27388278,0.02170561,nan,nan,0.0017963786,0.0,0.0,0.0,0.0,2490378,2490378,4028193,396321,43,0,229,1,0,1,0,2,0,0,0,0,0,0,0
495029012,494928948,0.00019130306,0.00020270064,0.001534081,604111379,0,0.016388753,0.27347818,0.0151703125,nan,nan,5.259191e-05,0.0,0.0,0.0,0.0,2490378,2490378,4028193,396321,43,0,229,1,0,1,0,2,0,0,0,0,0,0,0
495228043,495128016,6.231892e-05,0.00016980921,0.00043835456,604111379,0,0.016042134,0.27307868,0.003196416,nan,nan,0.0036564264,0.0,0.0,0.0,0.0,2490378,2490378,4028193,396321,43,0,229,1,0,1,0,2,0,0,0,0,0,0,0
495437112,495337038,3.6482717e-05,0.00021855519,0.0011607173,604111379,0,0.016042205,0.27297089,0.009372958,nan,nan,0.000818645,0.0,0.0,0.0,0.0,2490378,2490378,4028193,396321,43,0,229,1,0,1,0,2,0,0,0,0,0,0,0
495636162,495536106,0.000117225645,0.0002368936,0.0005743401,604111379,0,0.015701257,0.2734012,0.01443359,nan,nan,0.00089102687,0.0,0.0,0.0,0.0,2490378,2490378,4028193,396321,43,0,229,1,0,1,0,2,0,0,0,0,0,0,0
495835153,495735174,0.000107871434,0.00020098379,0.00029491316,604111379,0,0.015366158,0.2730044,0.016320998,nan,nan,0.0020989166,0.0,0.0,0.0,0.0,2490378,2490378,4028193,396321,43,0,229,1,0,1,0,2,0,0,0,0,0,0,0
496034248,495934242,7.109614e-05,0.00015954018,0.0005923603,604111379,0,0.015036951,0.27260906,0.0013648367,nan,nan,0.0008710317,0.0,0.0,0.0,0.0,2490378,2490378,4028193,396321,43,0,229,1,0,1,0,2,0,0,0,0,0,0,0
496233395,496133310,1.591017e-05,0.00017724831,0.0014699787,604111379,0,0.014713741,0.27221352,0.0051048715,nan,nan,0.007147951,0.0,0.0,0.0,0.0,2490378,2490378,4028193,396321,43,0,229,1,0,1,0,2,0,0,0,0,0,0,0
496432332,496332378,0.00015359183,0.00016677074,0.0009902485,604111379,0,0.014396487,0.27264655,0.027938273,nan,nan,0.007728709,0.0,0.0,0.0,0.0,2490378,2490378,4028193,396321,43,0,229,1,0,1,0,2,0,0,0,0,0,0,0
496631392,496531446,0.00018471733,0.00012760742,0.00010203346,604111379,0,0.014085402,0.27225578,0.013638921,nan,nan,0.005650666,0.0,0.0,0.0,0.0,2490378,2490378,4028193,396321,43,0,229,1,0,1,0,2,0,0,0,0,0,0,0
496840473,496740472,7.1651135e-05,0.00016044003,0.00015211629,604111379,0,0.014085373,0.2721493,0.0037055612,nan,nan,0.0004042228,0.0,0.0,0.0,0.0,2490378,2490378,4028193,396321,43,0,229,1,0,1,0,2,0,0,0,0,0,0,0
497039488,496939535,2.3510165e-05,0.00023139922,0.0011336573,604111379,0,0.0137804635,0.27258268,0.002100032,nan,nan,0.002203469,0.0,0.0,0.0,0.0,2490378,2490378,4028193,396321,43,0,229,1,0,1,0,2,0,0,0,0,0,0,0
497238562,497138605,4.9120088e-05,0.00027690796,0.001288438,604111379,0,0.013481817,0.2721945,0.011726802,nan,nan,0.0021215419,0.0,0.0,0.0,0.0,2490378,2490378,4028193,396321,43,0,229,1,0,1,0,2,0,0,0,0,0,0,0
497437628,497337671,9.523078e-05,0.00025987506,0.0009362972,604111379,0,0.013189511,0.27180946,0.012684694,nan,nan,0.002480773,0.0,0.0,0.0,0.0,2490378,2490378,4028193,396321,43,0,229,1,0,1,0,2,0,0,0,0,0,0,0
497636925,497536739,8.038817e-05,0.0002477103,0.00021325088,604111379,0,0.012903772,0.27224576,0.009404383,nan,nan,0.006128675,0.0,0.0,0.0,0.0,2490378,2490378,4028193,396321,43,0,229,1,0,1,0,2,0,0,0,0,0,0,0
497835765,497735807,3.8276663e-05,0.0002487069,0.00039384505,604111379,0,0.0126245525,0.2718602,0.0041994518,nan,nan,0.0003455517,0.0,0.0,0.0,0.0,2490378,2490378,4028193,396321,43,0,229,1,0,1,0,2,0,0,0,0,0,0,0
498034838,497934875,0.00010358051,0.00027107864,0.0010760444,604111379,0,0.012351919,0.27148113,0.016337171,nan,nan,0.0004844255,0.0,0.0,0.0,0.0,2490378,2490378,4028193,396321,43,0,229,1,0,1,0,2,0,0,0,0,0,0,0
498234001,498133943,0.00013128962,0.00021691532,0.0009520409,604111379,0,0.012086068,0.27110174,0.0069693937,nan,nan,0.001471092,0.0,0.0,0.0,0.0,2490378,2490378,4028193,396321,43,0,229,1,0,1,0,2,0,0,0,0,0,0,0
498433033,498333011,3.3134802e-05,0.00023982782,0.001916283,604111379,0,0.011827091,0.27153906,0.005360813,nan,nan,0.011404182,0.0,0.0,0.0,0.0,2490378,2490378,4028193,396321,43,0,229,1,0,1,0,2,0,0,0,0,0,0,0
498632041,498532079,4.9198978e-05,0.00012613836,0.00018296669,604111379,0,0.011575075,0.27116087,0.006471536,nan,nan,0.014037143,0.0,0.0,0.0,0.0,2490378,2490378,4028193,396321,43,0,229,1,0,1,0,2,0,0,0,0,0,0,0
498831454,498731147,0.00010884453,0.00010908301,0.00045423885,604111379,0,0.011330088,0.27078736,0.017148927,nan,nan,0.0050369804,0.0,0.0,0.0,0.0,2490378,2490378,4028193,396321,43,0,229,1,0,1,0,2,0,0,0,0,0,0,0
499030400,498930215,0.00014747647,6.617979e-05,0.00042957475,604111379,0,0.011092228,0.27122593,0.013076392,nan,nan,0.008274006,0.0,0.0,0.0,0.0,2490378,2490378,4028193,396321,43,0,229,1,0,1,0,2,0,0,0,0,0,0,0
499229284,499129283,5.309243e-05,0.00037148566,0.0029576372,604111379,0,0.010897755,0.2735825,0.003931303,nan,nan,0.018818272,0.0,0.0,0.0,0.0,2490378,2490378,4028193,396321,43,0,229,1,0,1,0,2,0,0,0,0,0,0,0
499428403,499328351,4.6151086e-05,0.00041316863,0.00308282,604111379,0,0.016741028,0.2731791,0.010655741,nan,nan,0.0015946879,0.0,0.0,0.0,0.0,2490378,2490378,4028193,396321,43,0,229,1,0,1,0,2,0,0,0,0,0,0,0
499637547,499537372,0.00021300255,0.00020156565,0.0006373214,604111379,0,0.016741063,0.2730721,0.023027439,nan,nan,0.0060894745,0.0,0.0,0.0,0.0,2490378,2490378,4028193,396321,43,0,229,1,0,1,0,2,0,0,0,0,0,0,0
499836543,499736440,0.00014024544,0.00021639475,0.00019194486,604111379,0,0.016388806,0.27350298,0.010118226,nan,nan,0.0018194064,0.0,0.0,0.0,0.0,2490378,2490378,4028193,396321,43,0,229,1,0,1,0,2,0,0,0,0,0,0,0
500035479,499935508,2.4055838e-05,0.00022756991,0.00035671168,604111379,0,0.016042177,0.27310055,0.008630141,nan,nan,0.0027956164,0.0,0.0,0.0,0.0,2490378,2490378,4028193,396321,43,0,229,1,0,1,0,2,0,0,0,0,0,0,0
500234638,500134576,8.0236045e-05,0.00030472374,0.0021762955,604111379,0,0.015701272,0.2727032,0.014086138,nan,nan,0.007483198,0.0,0.0,0.0,0.0,2490378,2490378,4028193,396321,43,0,229,1,0,1,0,2,0,0,0,0,0,0,0
500433594,500333644,0.00012143823,0.00029605094,0.0021235824,604111379,0,0.015366152,0.27313697,0.013401886,nan,nan,0.0034647887,0.0,0.0,0.0,0.0,2490378,2490378,4028193,396321,43,0,229,1,0,1,0,2,0,0,0,0,0,0,0
500632678,500532712,0.00013229685,0.00019515172,0.00093602116,604111379,0,0.015036932,0.27273902,0.011791168,nan,nan,0.008029202,0.0,0.0,0.0,0.0,2490378,2490378,4028193,396321,43,0,229,1,0,1,0,2,0,0,0,0,0,0,0
500831789,500731780,2.5605292e-05,0.00015638267,9.531061e-05,604111379,0,0.014713696,0.27234438,0.0021979557,nan,nan,0.007997927,0.0,0.0,0.0,0.0,2490378,2490378,4028193,396321,43,0,229,1,0,1,0,2,0,0,0,0,0,0,0
501041245,500940802,1.7592422e-05,0.00016124823,0.00058106804,604111379,0,0.014713691,0.27223864,0.0072555398,nan,nan,0.0031303102,0.0,0.0,0.0,0.0,2490378,2490378,4028193,396321,43,0,229,1,0,1,0,2,0,0,0,0,0,0,0
501239827,501139870,0.000113737784,0.00015820113,0.00054766156,604111379,0,0.014396503,0.27267244,0.0052323826,nan,nan,0.0018987743,0.0,0.0,0.0,0.0,2490378,2490378,4028193,396321,43,0,229,1,0,1,0,2,0,0,0,0,0,0,0
501438950,501338941,0.00012200837,0.00025510046,0.0016500945,604111379,0,0.014085409,0.27227873,0.02032338,nan,nan,0.0066457936,0.0,0.0,0.0,0.0,2490378,2490378,4028193,396321,43,0,229,1,0,1,0,2,0,0,0,0,0,0,0
501638087,501538006,3.822862e-05,0.00021401134,0.0014639539,604111379,0,0.013780456,0.27189174,0.0012925377,nan,nan,0.0050434694,0.0,0.0,0.0,0.0,2490378,2490378,4028193,396321,43,0,229,1,0,1,0,2,0,0,0,0,0,0,0
501837101,501737074,9.156392e-05,0.0001301304,0.0007389905,604111379,0,0.013481783,0.27232677,0.011612715,nan,nan,0.0038156146,0.0,0.0,0.0,0.0,2490378,2490378,4028193,396321,43,0,229,1,0,1,0,2,0,0,0,0,0,0,0
502036088,501936142,0.00013179466,0.00018889974,0.0003486853,604111379,0,0.013189507,0.27193916,0.01914066,nan,nan,0.0022793198,0.0,0.0,0.0,0.0,2490378,2490378,4028193,396321,43,0,229,1,0,1,0,2,0,0,0,0,0,0,0
502235184,502135210,8.8802786e-05,0.00036944743,0.0020889575,604111379,0,0.012903705,0.27155477,0.015089177,nan,nan,0.01153854,0.0,0.0,0.0,0.0,2490378,2490378,4028193,396321,43,0,229,1,0,1,0,2,0,0,0,0,0,0,0
502434279,502334278,4.4109576e-05,0.00025504665,0.0012290295,604111379,0,0.012624477,0.2719911,0.00759904,nan,nan,0.0012409474,0.0,0.0,0.0,0.0,2490378,2490378,4028193,396321,43,0,229,1,0,1,0,2,0,0,0,0,0,0,0
502633294,502533346,4.0057017e-05,0.00010612863,0.000103890365,604111379,0,0.012351957,0.27160946,0.010489789,nan,nan,0.0028378689,0.0,0.0,0.0,0.0,2490378,2490378,4028193,396321,43,0,229,1,0,1,0,2,0,0,0,0,0,0,0
502832411,502732414,0.0001462903,0.00014554818,0.0014549834,604111379,0,0.012086154,0.27122933,0.017998833,nan,nan,0.0045771557,0.0,0.0,0.0,0.0,2490378,2490378,4028193,396321,43,0,229,1,0,1,0,2,0,0,0,0,0,0,0
503031432,502931482,0.000118146505,0.00013365629,0.00044029285,604111379,0,0.0118271755,0.27166697,0.010918703,nan,nan,0.0038808738,0.0,0.0,0.0,0.0,2490378,2490378,4028193,396321,43,0,229,1,0,1,0,2,0,0,0,0,0,0,0
503230595,503130550,2.3595707e-05,0.00018129495,0.00075368874,604111379,0,0.011575174,0.27129123,0.0053998637,nan,nan,0.006395439,0.0,0.0,0.0,0.0,2490378,2490378,4028193,396321,43,0,229,1,0,1,0,2,0,0,0,0,0,0,0
503429567,503329619,7.121792e-05,0.0002554989,0.0013829496,604111379,0,0.0113301715,0.27091524,0.015871039,nan,nan,0.008152635,0.0,0.0,0.0,0.0,2490378,2490378,4028193,396321,43,0,229,1,0,1,0,2,0,0,0,0,0,0,0
503628914,503528686,0.00011770228,0.00036590724,0.0024018527,604111379,0,0.011092267,0.27054077,0.017131243,nan,nan,0.00044419634,0.0,0.0,0.0,0.0,2490378,2490378,4028193,396321,43,0,229,1,0,1,0,2,0,0,0,0,0,0,0
503837908,503737707,0.00014981756,0.00029483065,0.0013652355,604111379,0,0.0110922335,0.2712502,0.023653416,nan,nan,0.002040425,0.0,0.0,0.0,0.0,2490378,2490378,4028193,396321,43,0,229,1,0,1,0,2,0,0,0,0,0,0,0
504036828,503936775,9.054404e-05,0.0003558518,0.0015626135,604111379,0,0.010897764,0.27361,0.0019310276,nan,nan,0.002136255,0.0,0.0,0.0,0.0,2490378,2490378,4028193,396321,43,0,229,1,0,1,0,2,0,0,0,0,0,0,0
504235887,504135843,3.625199e-05,7.2651455e-05,0.0006169458,604111379,0,0.01674108,0.27320364,0.009000482,nan,nan,0.000638266,0.0,0.0,0.0,0.0,2490378,2490378,4028193,396321,43,0,229,1,0,1,0,2,0,0,0,0,0,0,0
504435232,504334912,0.00012918544,0.00014072041,0.0010804482,604111379,0,0.016388742,0.27363488,0.012649298,nan,nan,0.0029653665,0.0,0.0,0.0,0.0,2490378,2490378,4028193,396321,43,0,229,1,0,1,0,2,0,0,0,0,0,0,0
504633934,504533979,0.00018070397,0.0001134388,0.0001259473,604111379,0,0.016042173,0.27323332,0.0067823967,nan,nan,0.0042523337,0.0,0.0,0.0,0.0,2490378,2490378,4028193,396321,43,0,229,1,0,1,0,2,0,0,0,0,0,0,0
504833002,504733048,3.0616284e-05,0.0001654034,0.0009092775,604111379,0,0.015701273,0.27283332,0.0017476866,nan,nan,0.005407376,0.0,0.0,0.0,0.0,2490378,2490378,4028193,396321,43,0,229,1,0,1,0,2,0,0,0,0,0,0,0
505032125,504932115,8.1396254e-05,0.00022952537,0.0016380344,604111379,0,0.015366082,0.2732657,0.0065304167,nan,nan,0.009873692,0.0,0.0,0.0,0.0,2490378,2490378,4028193,396321,43,0,229,1,0,1,0,2,0,0,0,0,0,0,0
505231250,505131184,0.0001330697,0.0002417865,0.0020903235,604111379,0,0.015036864,0.27286875,0.015460126,nan,nan,0.0033845948,0.0,0.0,0.0,0.0,2490378,2490378,4028193,396321,43,0,229,1,0,1,0,2,0,0,0,0,0,0,0
505440220,505340205,8.964791e-05,0.0002504005,0.0018669859,604111379,0,0.015036906,0.27276263,0.012645952,nan,nan,0.0002720878,0.0,0.0,0.0,0.0,2490378,2490378,4028193,396321,43,0,229,1,0,1,0,2,0,0,0,0,0,0,0
505639339,505539273,4.7675498e-05,0.00011920751,0.00029094846,604111379,0,0.014713618,0.27236685,0.006631085,nan,nan,0.003386741,0.0,0.0,0.0,0.0,2490378,2490378,4028193,396321,43,0,229,1,0,1,0,2,0,0,0,0,0,0,0
505838427,505738341,2.2968075e-05,0.00015461269,0.00059128215,604111379,0,0.014396343,0.27279934,0.008447105,nan,nan,0.0035610883,0.0,0.0,0.0,0.0,2490378,2490378,4028193,396321,43,0,229,1,0,1,0,2,0,0,0,0,0,0,0
506037363,505937409,0.00010520929,6.598467e-05,0.00039251024,604111379,0,0.014085172,0.27241,0.02193075,nan,nan,0.0060649044,0.0,0.0,0.0,0.0,2490378,2490378,4028193,396321,43,0,229,1,0,1,0,2,0,0,0,0,0,0,0
506236422,506136477,0.00011600967,0.00010245928,0.00013872361,604111379,0,0.013780235,0.27202043,0.007343093,nan,nan,0.0051547247,0.0,0.0,0.0,0.0,2490378,2490378,4028193,396321,43,0,229,1,0,1,0,2,0,0,0,0,0,0,0
506435564,506335545,3.7365062e-05,0.00015803709,7.450624e-05,604111379,0,0.013481638,0.27245417,0.0012385428,nan,nan,0.002746808,0.0,0.0,0.0,0.0,2490378,2490378,4028193,396321,43,0,229,1,0,1,0,2,0,0,0,0,0,0,0
506634753,506534613,3.528916e-05,0.00032966398,0.0017039132,604111379,0,0.013189429,0.27206758,0.008159128,nan,nan,0.0019531191,0.0,0.0,0.0,0.0,2490378,2490378,4028193,396321,43,0,229,1,0,1,0,2,0,0,0,0,0,0,0
506833649,506733681,0.00012015798,0.0003887495,0.0022111335,604111379,0,0.0129036065,0.27168408,0.014559583,nan,nan,0.008866534,0.0,0.0,0.0,0.0,2490378,2490378,4028193,396321,43,0,229,1,0,1,0,2,0,0,0,0,0,0,0
507032873,506932749,9.4537136e-05,0.0003049398,0.0012830507,604111379,0,0.012624391,0.27130038,0.011428148,nan,nan,0.0009875331,0.0,0.0,0.0,0.0,2490378,2490378,4028193,396321,43,0,229,1,0,1,0,2,0,0,0,0,0,0,0
507231852,507131817,1.8813487e-05,0.00021750198,0.00067558186,604111379,0,0.012351861,0.27173513,0.00064977707,nan,nan,0.0005344113,0.0,0.0,0.0,0.0,2490378,2490378,4028193,396321,43,0,229,1,0,1,0,2,0,0,0,0,0,0,0
507430890,507330885,3.9507293e-05,9.5250136e-05,0.00016638022,604111379,0,0.012086062,0.271356,0.012071831,nan,nan,0.0017366776,0.0,0.0,0.0,0.0,2490378,2490378,4028193,396321,43,0,229,1,0,1,0,2,0,0,0,0,0,0,0
507630121,507529954,0.00012376606,0.00019342056,0.00013100264,604111379,0,0.011827067,0.2709782,0.02178736,nan,nan,0.0030147796,0.0,0.0,0.0,0.0,2490378,2490378,4028193,396321,43,0,229,1,0,1,0,2,0,0,0,0,0,0,0
507829361,507729022,0.00021929367,0.0003216199,0.0019751752,604111379,0,0.011575044,0.27141595,0.017647715,nan,nan,0.013497557,0.0,0.0,0.0,0.0,2490378,2490378,4028193,396321,43,0,229,1,0,1,0,2,0,0,0,0,0,0,0
508038048,507938043,3.882727e-05,0.00024102871,0.00043247413,604111379,0,0.0115750395,0.27130958,0.0020179707,nan,nan,0.00082993554,0.0,0.0,0.0,0.0,2490378,2490378,4028193,396321,43,0,229,1,0,1,0,2,0,0,0,0,0,0,0
508237084,508137111,2.681288e-05,0.00020225128,0.0005336783,604111379,0,0.011330033,0.270936,0.0051966957,nan,nan,0.0054902853,0.0,0.0,0.0,0.0,2490378,2490378,4028193,396321,43,0,229,1,0,1,0,2,0,0,0,0,0,0,0
508436351,508336179,0.00012781577,0.00036320035,0.001543191,604111379,0,0.01109217,0.2713759,0.013281695,nan,nan,0.0049453382,0.0,0.0,0.0,0.0,2490378,2490378,4028193,396321,43,0,229,1,0,1,0,2,0,0,0,0,0,0,0
508635305,508535247,0.00013087264,0.00021230763,0.00015727665,604111379,0,0.010897718,0.2737369,0.014802109,nan,nan,0.0065454403,0.0,0.0,0.0,0.0,2490378,2490378,4028193,396321,43,0,229,1,0,1,0,2,0,0,0,0,0,0,0
508834265,508734315,7.007242e-05,0.00020189125,0.0014355237,604111379,0,0.016740952,0.27333334,0.00984123,nan,nan,0.0025011338,0.0,0.0,0.0,0.0,2490378,2490378,4028193,396321,43,0,229,1,0,1,0,2,0,0,0,0,0,0,0
509033512,508933383,1.905314e-05,0.00020311368,0.00081396045,604111379,0,0.016388705,0.27293134,0.0056088287,nan,nan,0.0020291067,0.0,0.0,0.0,0.0,2490378,2490378,4028193,396321,43,0,229,1,0,1,0,2,0,0,0,0,0,0,0
509232403,509132451,0.00013715246,0.00020303467,0.00052599306,604111379,0,0.01604208,0.27336267,0.023239458,nan,nan,0.00233187,0.0,0.0,0.0,0.0,2490378,2490378,4028193,396321,43,0,229,1,0,1,0,2,0,0,0,0,0,0,0
509431574,509331519,0.00020445124,0.00037537812,0.0034598415,604111379,0,0.01570121,0.27296025,0.021499392,nan,nan,0.014681594,0.0,0.0,0.0,0.0,2490378,2490378,4028193,396321,43,0,229,1,0,1,0,2,0,0,0,0,0,0,0
509630557,509530588,0.00010027031,0.00020904714,0.0016115478,604111379,0,0.015366132,0.27256468,0.005305598,nan,nan,0.008354079,0.0,0.0,0.0,0.0,2490378,2490378,4028193,396321,43,0,229,1,0,1,0,2,0,0,0,0,0,0,0
509839683,509739609,2.5694702e-05,0.00015894652,0.00080870895,604111379,0,0.015366158,0.27245748,0.0067741605,nan,nan,0.0019791443,0.0,0.0,0.0,0.0,2490378,2490378,4028193,396321,43,0,229,1,0,1,0,2,0,0,0,0,0,0,0
510039015,509938677,9.906843e-05,0.00019932124,0.001461035,604111379,0,0.015036983,0.27288884,0.016050104,nan,nan,0.0027997761,0.0,0.0,0.0,0.0,2490378,2490378,4028193,396321,43,0,229,1,0,1,0,2,0,0,0,0,0,0,0
510237705,510137745,0.00012139074,0.00020158631,0.0007031396,604111379,0,0.014713749,0.27249426,0.014663315,nan,nan,0.00084995345,0.0,0.0,0.0,0.0,2490378,2490378,4028193,396321,43,0,229,1,0,1,0,2,0,0,0,0,0,0,0
510436875,510336813,7.10235e-05,0.00015723151,0.00014062533,604111379,0,0.014396525,0.27210283,0.0030139894,nan,nan,0.002072174,0.0,0.0,0.0,0.0,2490378,2490378,4028193,396321,43,0,229,1,0,1,0,2,0,0,0,0,0,0,0
510635889,510535881,2.8367785e-05,9.562639e-05,0.00033566414,604111379,0,0.014085373,0.2725371,0.0038718204,nan,nan,0.0011420425,0.0,0.0,0.0,0.0,2490378,2490378,4028193,396321,43,0,229,1,0,1,0,2,0,0,0,0,0,0,0
510834900,510734949,0.00015736831,0.00014253304,0.00022406237,604111379,0,0.013780428,0.27214688,0.015613878,nan,nan,0.00183966,0.0,0.0,0.0,0.0,2490378,2490378,4028193,396321,43,0,229,1,0,1,0,2,0,0,0,0,0,0,0
511034049,510934018,0.00016013539,0.00020002814,0.0021151581,604111379,0,0.013481806,0.27175987,0.021509469,nan,nan,0.014423399,0.0,0.0,0.0,0.0,2490378,2490378,4028193,396321,43,0,229,1,0,1,0,2,0,0,0,0,0,0,0
511233033,511133086,5.5584558e-05,0.0002684162,0.0021519158,604111379,0,0.013189623,0.27219707,0.0043251384,nan,nan,0.007645594,0.0,0.0,0.0,0.0,2490378,2490378,4028193,396321,43,0,229,1,0,1,0,2,0,0,0,0,0,0,0
511432164,511332154,4.3919335e-05,0.00028735228,0.0007599739,604111379,0,0.012903836,0.27181116,0.0056866193,nan,nan,0.0084412,0.0,0.0,0.0,0.0,2490378,2490378,4028193,396321,43,0,229,1,0,1,0,2,0,0,0,0,0,0,0
511631214,511531222,9.355675e-05,0.00036017215,0.00030281383,604111379,0,0.012624595,0.27142677,0.01389212,nan,nan,0.00090603856,0.0,0.0,0.0,0.0,2490378,2490378,4028193,396321,43,0,229,1,0,1,0,2,0,0,0,0,0,0,0
511830242,511730290,0.00012844926,0.00041666243,0.000665216,604111379,0,0.012351982,0.27186528,0.013382057,nan,nan,0.0093124835,0.0,0.0,0.0,0.0,2490378,2490378,4028193,396321,43,0,229,1,0,1,0,2,0,0,0,0,0,0,0
512029342,511929358,8.2132225e-05,0.00043820078,0.0010473825,604111379,0,0.01208612,0.27148527,0.010977577,nan,nan,0.011227045,0.0,0.0,0.0,0.0,2490378,2490378,4028193,396321,43,0,229,1,0,1,0,2,0,0,0,0,0,0,0
512238503,512138380,1.8820201e-05,0.00039756714,0.00035532395,604111379,0,0.012086126,0.27137795,0.0044499068,nan,nan,0.004725604,0.0,0.0,0.0,0.0,2490378,2490378,4028193,396321,43,0,229,1,0,1,0,2,0,0,0,0,0,0,0
512437401,512337448,0.00014567556,0.00034706361,0.00081398024,604111379,0,0.011827156,0.2710009,0.019297466,nan,nan,0.012520358,0.0,0.0,0.0,0.0,2490378,2490378,4028193,396321,43,0,229,1,0,1,0,2,0,0,0,0,0,0,0
512636544,512536516,0.00012633213,0.00021847732,0.00021552558,604111379,0,0.011575108,0.27143952,0.018954888,nan,nan,0.00024209257,0.0,0.0,0.0,0.0,2490378,2490378,4028193,396321,43,0,229,1,0,1,0,2,0,0,0,0,0,0,0
512835582,512735584,4.432024e-05,9.235834e-05,0.0007179294,604111379,0,0.01133012,0.27106348,0.0017412807,nan,nan,0.0008916531,0.0,0.0,0.0,0.0,2490378,2490378,4028193,396321,43,0,229,1,0,1,0,2,0,0,0,0,0,0,0
513034780,512934652,3.1423824e-05,0.00011760631,0.00018825184,604111379,0,0.0110922735,0.27069056,0.0007894951,nan,nan,0.006392406,0.0,0.0,0.0,0.0,2490378,2490378,4028193,396321,43,0,229,1,0,1,0,2,0,0,0,0,0,0,0
513233780,513133720,6.136934e-05,0.00018437624,0.00036914577,604111379,0,0.010897811,0.27386978,0.012638317,nan,nan,0.0075497,0.0,0.0,0.0,0.0,2490378,2490378,4028193,396321,43,0,229,1,0,1,0,2,0,0,0,0,0,0,0
513433040,513332788,5.8052152e-05,0.00019925408,0.00086457457,604111379,0,0.016741233,0.27346537,0.0065682456,nan,nan,0.0051724142,0.0,0.0,0.0,0.0,2490378,2490378,4028193,396321,43,0,229,1,0,1,0,2,0,0,0,0,0,0,0
513631969,513531856,3.7057103e-05,0.00020422212,0.00067921187,604111379,0,0.016388848,0.27306074,0.002344995,nan,nan,0.013818836,0.0,0.0,0.0,0.0,2490378,2490378,4028193,396321,43,0,229,1,0,1,0,2,0,0,0,0,0,0,0
513830967,513730924,2.9653267e-05,0.0002069318,0.001000956,604111379,0,0.01604224,0.27349252,0.0071438933,nan,nan,0.0032507207,0.0,0.0,0.0,0.0,2490378,2490378,4028193,396321,43,0,229,1,0,1,0,2,0,0,0,0,0,0,0
514030046,513929994,0.00013128779,0.00012227119,0.0005573272,604111379,0,0.01570132,0.27309453,0.022874912,nan,nan,0.007915966,0.0,0.0,0.0,0.0,2490378,2490378,4028193,396321,43,0,229,1,0,1,0,2,0,0,0,0,0,0,0
514238972,514139014,0.00016405035,0.0001667696,0.00055924244,604111379,0,0.01570133,0.27298686,0.018190715,nan,nan,0.0033739158,0.0,0.0,0.0,0.0,2490378,2490378,4028193,396321,43,0,229,1,0,1,0,2,0,0,0,0,0,0,0
514438120,514338082,5.305077e-05,0.00021780026,0.00021169546,604111379,0,0.015366229,0.27258667,0.002304117,nan,nan,0.011330661,0.0,0.0,0.0,0.0,2490378,2490378,4028193,396321,43,0,229,1,0,1,0,2,0,0,0,0,0,0,0
514637133,514537150,4.898833e-05,0.00023315253,0.00080011867,604111379,0,0.0150370775,0.2730219,0.010781422,nan,nan,0.0023451583,0.0,0.0,0.0,0.0,2490378,2490378,4028193,396321,43,0,229,1,0,1,0,2,0,0,0,0,0,0,0
514836238,514736218,0.00015911467,0.00022520122,0.000517516,604111379,0,0.01471376,0.27262813,0.02251249,nan,nan,0.004159157,0.0,0.0,0.0,0.0,2490378,2490378,4028193,396321,43,0,229,1,0,1,0,2,0,0,0,0,0,0,0
515035232,514935287,0.000118059674,0.00021001676,0.0004939453,604111379,0,0.014396506,0.27223405,0.009940983,nan,nan,0.010542807,0.0,0.0,0.0,0.0,2490378,2490378,4028193,396321,43,0,229,1,0,1,0,2,0,0,0,0,0,0,0
515234335,515134355,6.2443905e-05,0.00020379866,0.0006996326,604111379,0,0.014085398,0.2726669,0.007803122,nan,nan,0.0005589616,0.0,0.0,0.0,0.0,2490378,2490378,4028193,396321,43,0,229,1,0,1,0,2,0,0,0,0,0,0,0
515433368,515333423,2.860434e-05,0.00018282211,0.0002773599,604111379,0,0.013780514,0.27227756,0.0042025032,nan,nan,0.0055307336,0.0,0.0,0.0,0.0,2490378,2490378,4028193,396321,43,0,229,1,0,1,0,2,0,0,0,0,0,0,0
515632633,515532491,0.00015481668,0.00018937195,0.0010291782,604111379,0,0.013481872,0.27188963,0.02805939,nan,nan,0.011232026,0.0,0.0,0.0,0.0,2490378,2490378,4028193,396321,43,0,229,1,0,1,0,2,0,0,0,0,0,0,0
515831512,515731559,0.00020033124,0.00026008656,0.00017452532,604111379,0,0.013189555,0.27232385,0.01488996,nan,nan,0.0056707202,0.0,0.0,0.0,0.0,2490378,2490378,4028193,396321,43,0,229,1,0,1,0,2,0,0,0,0,0,0,0
516030610,515930627,5.828536e-05,0.00033807996,0.0014579655,604111379,0,0.012903786,0.27193892,0.0059694075,nan,nan,0.016480833,0.0,0.0,0.0,0.0,2490378,2490378,4028193,396321,43,0,229,1,0,1,0,2,0,0,0,0,0,0,0
516229780,516129695,2.5454698e-05,0.0003014309,0.0009206949,604111379,0,0.01262457,0.271557,0.0018941151,nan,nan,0.004021635,0.0,0.0,0.0,0.0,2490378,2490378,4028193,396321,43,0,229,1,0,1,0,2,0,0,0,0,0,0,0
516428753,516328763,0.00010932585,0.00033360918,0.0016345294,604111379,0,0.012352011,0.2719942,0.019402418,nan,nan,0.011469107,0.0,0.0,0.0,0.0,2490378,2490378,4028193,396321,43,0,229,1,0,1,0,2,0,0,0,0,0,0,0
516637780,516537785,0.00011789718,0.00034443283,0.002113213,604111379,0,0.012352017,0.27188647,0.01249495,nan,nan,0.0073746345,0.0,0.0,0.0,0.0,2490378,2490378,4028193,396321,43,0,229,1,0,1,0,2,0,0,0,0,0,0,0
516837183,516736855,4.8385118e-05,0.00016740829,0.00023986309,604111379,0,0.012086158,0.27150884,0.0003251938,nan,nan,0.0001445243,0.0,0.0,0.0,0.0,2490378,2490378,4028193,396321,43,0,229,1,0,1,0,2,0,0,0,0,0,0,0
517035876,516935921,3.7892667e-05,0.00012884648,0.00027457974,604111379,0,0.011827149,0.27113092,0.008437038,nan,nan,0.007377015,0.0,0.0,0.0,0.0,2490378,2490378,4028193,396321,43,0,229,1,0,1,0,2,0,0,0,0,0,0,0
517234949,517134989,0.00012513595,0.00029123342,0.0014640534,604111379,0,0.011575124,0.27156827,0.023966417,nan,nan,0.00588022,0.0,0.0,0.0,0.0,2490378,2490378,4028193,396321,43,0,229,1,0,1,0,2,0,0,0,0,0,0,0
517434079,517334058,0.00018396103,0.00013703156,0.0007074002,604111379,0,0.011330141,0.27119148,0.023003338,nan,nan,0.00044506762,0.0,0.0,0.0,0.0,2490378,2490378,4028193,396321,43,0,229,1,0,1,0,2,0,0,0,0,0,0,0
517633287,517533126,0.00011236653,0.00014861587,0.00052722247,604111379,0,0.011092291,0.27081937,0.0027931267,nan,nan,0.00033206295,0.0,0.0,0.0,0.0,2490378,2490378,4028193,396321,43,0,229,1,0,1,0,2,0,0,0,0,0,0,0
517832316,517732194,2.6385258e-05,0.00033112188,0.0018090886,604111379,0,0.010897844,0.27316535,0.006971836,nan,nan,0.009864489,0.0,0.0,0.0,0.0,2490378,2490378,4028193,396321,43,0,229,1,0,1,0,2,0,0,0,0,0,0,0
