timestamp,accel_device_id_primary,accel_device_ids[0],accel_device_ids[1],accel_device_ids[2],accel_device_ids[3],accel_inconsistency_m_s_s[0],accel_inconsistency_m_s_s[1],accel_inconsistency_m_s_s[2],accel_inconsistency_m_s_s[3],gyro_device_id_primary,gyro_device_ids[0],gyro_device_ids[1],gyro_device_ids[2],gyro_device_ids[3],gyro_inconsistency_rad_s[0],gyro_inconsistency_rad_s[1],gyro_inconsistency_rad_s[2],gyro_inconsistency_rad_s[3],accel_healthy[0],accel_healthy[1],accel_healthy[2],accel_healthy[3],accel_priority[0],accel_priority[1],accel_priority[2],accel_priority[3],gyro_healthy[0],gyro_healthy[1],gyro_healthy[2],gyro_healthy[3],gyro_priority[0],gyro_priority[1],gyro_priority[2],gyro_priority[3]
690281348,4259850,4259850,2490378,0,0,0.14714614,0.14714612,0.0,0.0,4325386,4325386,2490378,0,0,0.005901347,0.005901347,0.0,0.0,1,1,0,0,50,50,0,0,1,1,0,0,50,50,0,0
690286346,4259850,4259850,2490378,0,0,0.14622249,0.14622247,0.0,0.0,4325386,4325386,2490378,0,0,0.006280208,0.006280208,0.0,0.0,1,1,0,0,50,50,0,0,1,1,0,0,50,50,0,0
690481295,4259850,4259850,2490378,0,0,0.14815104,0.14815103,0.0,0.0,4325386,4325386,2490378,0,0,0.0065616863,0.0065616863,0.0,0.0,1,1,0,0,50,50,0,0,1,1,0,0,50,50,0,0
690681251,4259850,4259850,2490378,0,0,0.14855078,0.14855078,0.0,0.0,4325386,4325386,2490378,0,0,0.006221837,0.006221837,0.0,0.0,1,1,0,0,50,50,0,0,1,1,0,0,50,50,0,0
690881205,4259850,4259850,2490378,0,0,0.14606191,0.14606193,0.0,0.0,4325386,4325386,2490378,0,0,0.00656422,0.00656422,0.0,0.0,1,1,0,0,50,50,0,0,1,1,0,0,50,50,0,0
691081157,4259850,4259850,2490378,0,0,0.14404872,0.1440487,0.0,0.0,4325386,4325386,2490378,0,0,0.0064286278,0.0064286278,0.0,0.0,1,1,0,0,50,50,0,0,1,1,0,0,50,50,0,0
691286102,4259850,4259850,2490378,0,0,0.14590043,0.14590043,0.0,0.0,4325386,4325386,2490378,0,0,0.005892443,0.0058924435,0.0,0.0,1,1,0,0,50,50,0,0,1,1,0,0,50,50,0,0
691486058,4259850,4259850,2490378,0,0,0.14444862,0.14444867,0.0,0.0,4325386,4325386,2490378,0,0,0.0065997276,0.006599728,0.0,0.0,1,1,0,0,50,50,0,0,1,1,0,0,50,50,0,0
691681008,4259850,4259850,2490378,0,0,0.1439329,0.14393288,0.0,0.0,4325386,4325386,2490378,0,0,0.006049288,0.006049288,0.0,0.0,1,1,0,0,50,50,0,0,1,1,0,0,50,50,0,0
691880965,4259850,4259850,2490378,0,0,0.14417796,0.14417796,0.0,0.0,4325386,4325386,2490378,0,0,0.006236764,0.006236764,0.0,0.0,1,1,0,0,50,50,0,0,1,1,0,0,50,50,0,0
692081092,4259850,4259850,2490378,0,0,0.14438394,0.14438395,0.0,0.0,4325386,4325386,2490378,0,0,0.006519033,0.006519033,0.0,0.0,1,1,0,0,50,50,0,0,1,1,0,0,50,50,0,0
692280870,4259850,4259850,2490378,0,0,0.14352831,0.1435283,0.0,0.0,4325386,4325386,2490378,0,0,0.0067260186,0.0067260186,0.0,0.0,1,1,0,0,50,50,0,0,1,1,0,0,50,50,0,0
692480822,4259850,4259850,2490378,0,0,0.14304262,0.14304267,0.0,0.0,4325386,4325386,2490378,0,0,0.0063945632,0.0063945632,0.0,0.0,1,1,0,0,50,50,0,0,1,1,0,0,50,50,0,0
692685868,4259850,4259850,2490378,0,0,0.1457575,0.14575751,0.0,0.0,4325386,4325386,2490378,0,0,0.006684704,0.0066847033,0.0,0.0,1,1,0,0,50,50,0,0,1,1,0,0,50,50,0,0
692885732,4259850,4259850,2490378,0,0,0.14570934,0.14570937,0.0,0.0,4325386,4325386,2490378,0,0,0.0065337424,0.006533743,0.0,0.0,1,1,0,0,50,50,0,0,1,1,0,0,50,50,0,0
693080710,4259850,4259850,2490378,0,0,0.14240831,0.14240831,0.0,0.0,4325386,4325386,2490378,0,0,0.0067992243,0.0067992243,0.0,0.0,1,1,0,0,50,50,0,0,1,1,0,0,50,50,0,0
693280643,4259850,4259850,2490378,0,0,0.14406185,0.14406185,0.0,0.0,4325386,4325386,2490378,0,0,0.006566852,0.006566852,0.0,0.0,1,1,0,0,50,50,0,0,1,1,0,0,50,50,0,0
693480590,4259850,4259850,2490378,0,0,0.14421329,0.1442133,0.0,0.0,4325386,4325386,2490378,0,0,0.0065443674,0.0065443665,0.0,0.0,1,1,0,0,50,50,0,0,1,1,0,0,50,50,0,0
693680544,4259850,4259850,2490378,0,0,0.1471977,0.1471977,0.0,0.0,4325386,4325386,2490378,0,0,0.0063713654,0.0063713654,0.0,0.0,1,1,0,0,50,50,0,0,1,1,0,0,50,50,0,0
693880494,4259850,4259850,2490378,0,0,0.14556676,0.14556676,0.0,0.0,4325386,4325386,2490378,0,0,0.006331366,0.006331366,0.0,0.0,1,1,0,0,50,50,0,0,1,1,0,0,50,50,0,0
694085447,4259850,4259850,2490378,0,0,0.14604141,0.14604141,0.0,0.0,4325386,4325386,2490378,0,0,0.006222389,0.006222389,0.0,0.0,1,1,0,0,50,50,0,0,1,1,0,0,50,50,0,0
694285400,4259850,4259850,2490378,0,0,0.14641945,0.14641947,0.0,0.0,4325386,4325386,2490378,0,0,0.006534577,0.0065345773,0.0,0.0,1,1,0,0,50,50,0,0,1,1,0,0,50,50,0,0
694485356,4259850,4259850,2490378,0,0,0.14726679,0.14726679,0.0,0.0,4325386,4325386,2490378,0,0,0.006445576,0.006445576,0.0,0.0,1,1,0,0,50,50,0,0,1,1,0,0,50,50,0,0
694680307,4259850,4259850,2490378,0,0,0.14647835,0.14647834,0.0,0.0,4325386,4325386,2490378,0,0,0.0062573506,0.0062573515,0.0,0.0,1,1,0,0,50,50,0,0,1,1,0,0,50,50,0,0
694880277,4259850,4259850,2490378,0,0,0.14714941,0.14714943,0.0,0.0,4325386,4325386,2490378,0,0,0.0066365516,0.006636552,0.0,0.0,1,1,0,0,50,50,0,0,1,1,0,0,50,50,0,0
695080216,4259850,4259850,2490378,0,0,0.14461745,0.14461747,0.0,0.0,4325386,4325386,2490378,0,0,0.0063627423,0.0063627427,0.0,0.0,1,1,0,0,50,50,0,0,1,1,0,0,50,50,0,0
695280178,4259850,4259850,2490378,0,0,0.14641711,0.14641713,0.0,0.0,4325386,4325386,2490378,0,0,0.0062392266,0.0062392266,0.0,0.0,1,1,0,0,50,50,0,0,1,1,0,0,50,50,0,0
695485132,4259850,4259850,2490378,0,0,0.14871553,0.14871551,0.0,0.0,4325386,4325386,2490378,0,0,0.005900021,0.0059000216,0.0,0.0,1,1,0,0,50,50,0,0,1,1,0,0,50,50,0,0
695685074,4259850,4259850,2490378,0,0,0.14622094,0.14622094,0.0,0.0,4325386,4325386,2490378,0,0,0.006595509,0.006595509,0.0,0.0,1,1,0,0,50,50,0,0,1,1,0,0,50,50,0,0
695885029,4259850,4259850,2490378,0,0,0.14533573,0.14533573,0.0,0.0,4325386,4325386,2490378,0,0,0.00652549,0.006525491,0.0,0.0,1,1,0,0,50,50,0,0,1,1,0,0,50,50,0,0
696085007,4259850,4259850,2490378,0,0,0.14466003,0.14466003,0.0,0.0,4325386,4325386,2490378,0,0,0.006711594,0.006711594,0.0,0.0,1,1,0,0,50,50,0,0,1,1,0,0,50,50,0,0
696279936,4259850,4259850,2490378,0,0,0.14638948,0.14638948,0.0,0.0,4325386,4325386,2490378,0,0,0.0061305594,0.0061305594,0.0,0.0,1,1,0,0,50,50,0,0,1,1,0,0,50,50,0,0
696479886,4259850,4259850,2490378,0,0,0.14625584,0.14625584,0.0,0.0,4325386,4325386,2490378,0,0,0.0068186484,0.0068186484,0.0,0.0,1,1,0,0,50,50,0,0,1,1,0,0,50,50,0,0
696679843,4259850,4259850,2490378,0,0,0.14570393,0.14570393,0.0,0.0,4325386,4325386,2490378,0,0,0.00657327,0.00657327,0.0,0.0,1,1,0,0,50,50,0,0,1,1,0,0,50,50,0,0
696884795,4259850,4259850,2490378,0,0,0.14622152,0.14622152,0.0,0.0,4325386,4325386,2490378,0,0,0.007067187,0.0070671877,0.0,0.0,1,1,0,0,50,50,0,0,1,1,0,0,50,50,0,0
697084747,4259850,4259850,2490378,0,0,0.14482486,0.14482483,0.0,0.0,4325386,4325386,2490378,0,0,0.0065886197,0.0065886197,0.0,0.0,1,1,0,0,50,50,0,0,1,1,0,0,50,50,0,0
697284700,4259850,4259850,2490378,0,0,0.14662743,0.14662741,0.0,0.0,4325386,4325386,2490378,0,0,0.006594796,0.006594796,0.0,0.0,1,1,0,0,50,50,0,0,1,1,0,0,50,50,0,0
697484656,4259850,4259850,2490378,0,0,0.14492786,0.14492783,0.0,0.0,4325386,4325386,2490378,0,0,0.0065328493,0.0065328493,0.0,0.0,1,1,0,0,50,50,0,0,1,1,0,0,50,50,0,0
697684621,4259850,4259850,2490378,0,0,0.14263244,0.14263245,0.0,0.0,4325386,4325386,2490378,0,0,0.006301717,0.006301717,0.0,0.0,1,1,0,0,50,50,0,0,1,1,0,0,50,50,0,0
697879561,4259850,4259850,2490378,0,0,0.14632536,0.14632536,0.0,0.0,4325386,4325386,2490378,0,0,0.0063834367,0.0063834367,0.0,0.0,1,1,0,0,50,50,0,0,1,1,0,0,50,50,0,0
698079512,4259850,4259850,2490378,0,0,0.14698938,0.14698939,0.0,0.0,4325386,4325386,2490378,0,0,0.0066086445,0.0066086445,0.0,0.0,1,1,0,0,50,50,0,0,1,1,0,0,50,50,0,0
698284517,4259850,4259850,2490378,0,0,0.14565666,0.14565665,0.0,0.0,4325386,4325386,2490378,0,0,0.00715065,0.0071506505,0.0,0.0,1,1,0,0,50,50,0,0,1,1,0,0,50,50,0,0
698484423,4259850,4259850,2490378,0,0,0.1471346,0.14713459,0.0,0.0,4325386,4325386,2490378,0,0,0.0063403547,0.006340355,0.0,0.0,1,1,0,0,50,50,0,0,1,1,0,0,50,50,0,0
698684371,4259850,4259850,2490378,0,0,0.14590794,0.14590791,0.0,0.0,4325386,4325386,2490378,0,0,0.0063073174,0.0063073183,0.0,0.0,1,1,0,0,50,50,0,0,1,1,0,0,50,50,0,0
698884329,4259850,4259850,2490378,0,0,0.14564373,0.14564374,0.0,0.0,4325386,4325386,2490378,0,0,0.006475402,0.006475402,0.0,0.0,1,1,0,0,50,50,0,0,1,1,0,0,50,50,0,0
699084280,4259850,4259850,2490378,0,0,0.14626701,0.146267,0.0,0.0,4325386,4325386,2490378,0,0,0.0064451513,0.0064451504,0.0,0.0,1,1,0,0,50,50,0,0,1,1,0,0,50,50,0,0
699279263,4259850,4259850,2490378,0,0,0.14841665,0.14841667,0.0,0.0,4325386,4325386,2490378,0,0,0.006672124,0.006672124,0.0,0.0,1,1,0,0,50,50,0,0,1,1,0,0,50,50,0,0
699479194,4259850,4259850,2490378,0,0,0.14866228,0.14866225,0.0,0.0,4325386,4325386,2490378,0,0,0.006694499,0.0066944985,0.0,0.0,1,1,0,0,50,50,0,0,1,1,0,0,50,50,0,0
699684140,4259850,4259850,2490378,0,0,0.14956917,0.14956915,0.0,0.0,4325386,4325386,2490378,0,0,0.006532954,0.0065329536,0.0,0.0,1,1,0,0,50,50,0,0,1,1,0,0,50,50,0,0
699884093,4259850,4259850,2490378,0,0,0.1433398,0.14333978,0.0,0.0,4325386,4325386,2490378,0,0,0.0069915047,0.0069915033,0.0,0.0,1,1,0,0,50,50,0,0,1,1,0,0,50,50,0,0
700084051,4259850,4259850,2490378,0,0,0.14798762,0.14798762,0.0,0.0,4325386,4325386,2490378,0,0,0.006819761,0.006819761,0.0,0.0,1,1,0,0,50,50,0,0,1,1,0,0,50,50,0,0
700283998,4259850,4259850,2490378,0,0,0.14672565,0.14672567,0.0,0.0,4325386,4325386,2490378,0,0,0.006319998,0.0063199974,0.0,0.0,1,1,0,0,50,50,0,0,1,1,0,0,50,50,0,0
700483965,4259850,4259850,2490378,0,0,0.14583746,0.14583747,0.0,0.0,4325386,4325386,2490378,0,0,0.0063975267,0.0063975267,0.0,0.0,1,1,0,0,50,50,0,0,1,1,0,0,50,50,0,0
700683906,4259850,4259850,2490378,0,0,0.14671123,0.14671123,0.0,0.0,4325386,4325386,2490378,0,0,0.0066350754,0.0066350754,0.0,0.0,1,1,0,0,50,50,0,0,1,1,0,0,50,50,0,0
700878858,4259850,4259850,2490378,0,0,0.14777674,0.14777674,0.0,0.0,4325386,4325386,2490378,0,0,0.0065661776,0.0065661776,0.0,0.0,1,1,0,0,50,50,0,0,1,1,0,0,50,50,0,0
701083909,4259850,4259850,2490378,0,0,0.14456996,0.14456996,0.0,0.0,4325386,4325386,2490378,0,0,0.006222688,0.0062226886,0.0,0.0,1,1,0,0,50,50,0,0,1,1,0,0,50,50,0,0
701283766,4259850,4259850,2490378,0,0,0.14778699,0.14778699,0.0,0.0,4325386,4325386,2490378,0,0,0.006150574,0.006150574,0.0,0.0,1,1,0,0,50,50,0,0,1,1,0,0,50,50,0,0
701483721,4259850,4259850,2490378,0,0,0.14659712,0.14659712,0.0,0.0,4325386,4325386,2490378,0,0,0.0063684224,0.0063684224,0.0,0.0,1,1,0,0,50,50,0,0,1,1,0,0,50,50,0,0
701683686,4259850,4259850,2490378,0,0,0.1461556,0.14615561,0.0,0.0,4325386,4325386,2490378,0,0,0.006560556,0.006560555,0.0,0.0,1,1,0,0,50,50,0,0,1,1,0,0,50,50,0,0
701883627,4259850,4259850,2490378,0,0,0.14368479,0.1436848,0.0,0.0,4325386,4325386,2490378,0,0,0.006266271,0.0062662708,0.0,0.0,1,1,0,0,50,50,0,0,1,1,0,0,50,50,0,0
702083581,4259850,4259850,2490378,0,0,0.1464341,0.14643411,0.0,0.0,4325386,4325386,2490378,0,0,0.0064440067,0.0064440067,0.0,0.0,1,1,0,0,50,50,0,0,1,1,0,0,50,50,0,0
702283536,4259850,4259850,2490378,0,0,0.14800479,0.1480048,0.0,0.0,4325386,4325386,2490378,0,0,0.0066151647,0.0066151647,0.0,0.0,1,1,0,0,50,50,0,0,1,1,0,0,50,50,0,0
702483508,4259850,4259850,2490378,0,0,0.14726922,0.14726922,0.0,0.0,4325386,4325386,2490378,0,0,0.0070293546,0.0070293546,0.0,0.0,1,1,0,0,50,50,0,0,1,1,0,0,50,50,0,0
702683443,4259850,4259850,2490378,0,0,0.1461713,0.14617129,0.0,0.0,4325386,4325386,2490378,0,0,0.006450137,0.006450137,0.0,0.0,1,1,0,0,50,50,0,0,1,1,0,0,50,50,0,0
702883389,4259850,4259850,2490378,0,0,0.14634323,0.14634323,0.0,0.0,4325386,4325386,2490378,0,0,0.006869014,0.0068690134,0.0,0.0,1,1,0,0,50,50,0,0,1,1,0,0,50,50,0,0
703083344,4259850,4259850,2490378,0,0,0.14368047,0.14368045,0.0,0.0,4325386,4325386,2490378,0,0,0.0063645015,0.0063645015,0.0,0.0,1,1,0,0,50,50,0,0,1,1,0,0,50,50,0,0
703283295,4259850,4259850,2490378,0,0,0.1450739,0.14507392,0.0,0.0,4325386,4325386,2490378,0,0,0.0062579284,0.0062579284,0.0,0.0,1,1,0,0,50,50,0,0,1,1,0,0,50,50,0,0
703480765,4259850,4259850,2490378,0,0,0.14303808,0.1430381,0.0,0.0,4325386,4325386,2490378,0,0,0.006432077,0.006432077,0.0,0.0,1,1,0,0,50,50,0,0,1,1,0,0,50,50,0,0
703683203,4259850,4259850,2490378,0,0,0.14763714,0.14763716,0.0,0.0,4325386,4325386,2490378,0,0,0.0064133275,0.0064133275,0.0,0.0,1,1,0,0,50,50,0,0,1,1,0,0,50,50,0,0
703883301,4259850,4259850,2490378,0,0,0.14462067,0.14462067,0.0,0.0,4325386,4325386,2490378,0,0,0.0065833186,0.0065833186,0.0,0.0,1,1,0,0,50,50,0,0,1,1,0,0,50,50,0,0
704083113,4259850,4259850,2490378,0,0,0.14693974,0.14693975,0.0,0.0,4325386,4325386,2490378,0,0,0.0065621105,0.0065621105,0.0,0.0,1,1,0,0,50,50,0,0,1,1,0,0,50,50,0,0
704283062,4259850,4259850,2490378,0,0,0.14642805,0.14642805,0.0,0.0,4325386,4325386,2490378,0,0,0.0063082273,0.006308228,0.0,0.0,1,1,0,0,50,50,0,0,1,1,0,0,50,50,0,0
704483023,4259850,4259850,2490378,0,0,0.14814991,0.1481499,0.0,0.0,4325386,4325386,2490378,0,0,0.006414055,0.006414055,0.0,0.0,1,1,0,0,50,50,0,0,1,1,0,0,50,50,0,0
704682970,4259850,4259850,2490378,0,0,0.14805998,0.14805998,0.0,0.0,4325386,4325386,2490378,0,0,0.0061820536,0.006182054,0.0,0.0,1,1,0,0,50,50,0,0,1,1,0,0,50,50,0,0
704882925,4259850,4259850,2490378,0,0,0.14689076,0.14689077,0.0,0.0,4325386,4325386,2490378,0,0,0.0061837984,0.006183799,0.0,0.0,1,1,0,0,50,50,0,0,1,1,0,0,50,50,0,0
705082891,4259850,4259850,2490378,0,0,0.14593275,0.14593276,0.0,0.0,4325386,4325386,2490378,0,0,0.006631171,0.006631171,0.0,0.0,1,1,0,0,50,50,0,0,1,1,0,0,50,50,0,0
705282829,4259850,4259850,2490378,0,0,0.14599958,0.14599952,0.0,0.0,4325386,4325386,2490378,0,0,0.006251955,0.006251955,0.0,0.0,1,1,0,0,50,50,0,0,1,1,0,0,50,50,0,0
705482802,4259850,4259850,2490378,0,0,0.14584719,0.14584719,0.0,0.0,4325386,4325386,2490378,0,0,0.0066063637,0.0066063637,0.0,0.0,1,1,0,0,50,50,0,0,1,1,0,0,50,50,0,0
705682742,4259850,4259850,2490378,0,0,0.1452201,0.1452201,0.0,0.0,4325386,4325386,2490378,0,0,0.0061889165,0.0061889165,0.0,0.0,1,1,0,0,50,50,0,0,1,1,0,0,50,50,0,0
705882763,4259850,4259850,2490378,0,0,0.14860828,0.14860828,0.0,0.0,4325386,4325386,2490378,0,0,0.0065420154,0.0065420154,0.0,0.0,1,1,0,0,50,50,0,0,1,1,0,0,50,50,0,0
706082648,4259850,4259850,2490378,0,0,0.14493553,0.14493555,0.0,0.0,4325386,4325386,2490378,0,0,0.006510608,0.006510608,0.0,0.0,1,1,0,0,50,50,0,0,1,1,0,0,50,50,0,0
706282596,4259850,4259850,2490378,0,0,0.14766248,0.14766248,0.0,0.0,4325386,4325386,2490378,0,0,0.0063933167,0.0063933167,0.0,0.0,1,1,0,0,50,50,0,0,1,1,0,0,50,50,0,0
706482550,4259850,4259850,2490378,0,0,0.14733548,0.1473355,0.0,0.0,4325386,4325386,2490378,0,0,0.006484708,0.006484708,0.0,0.0,1,1,0,0,50,50,0,0,1,1,0,0,50,50,0,0
706682511,4259850,4259850,2490378,0,0,0.14839229,0.1483923,0.0,0.0,4325386,4325386,2490378,0,0,0.006305526,0.006305526,0.0,0.0,1,1,0,0,50,50,0,0,1,1,0,0,50,50,0,0
706882454,4259850,4259850,2490378,0,0,0.14714964,0.14714964,0.0,0.0,4325386,4325386,2490378,0,0,0.006551495,0.006551495,0.0,0.0,1,1,0,0,50,50,0,0,1,1,0,0,50,50,0,0
707082425,4259850,4259850,2490378,0,0,0.1467891,0.14678907,0.0,0.0,4325386,4325386,2490378,0,0,0.0068341787,0.006834178,0.0,0.0,1,1,0,0,50,50,0,0,1,1,0,0,50,50,0,0
707282373,4259850,4259850,2490378,0,0,0.14493798,0.14493796,0.0,0.0,4325386,4325386,2490378,0,0,0.0062379763,0.0062379763,0.0,0.0,1,1,0,0,50,50,0,0,1,1,0,0,50,50,0,0
707482317,4259850,4259850,2490378,0,0,0.14276545,0.14276542,0.0,0.0,4325386,4325386,2490378,0,0,0.0069124284,0.0069124284,0.0,0.0,1,1,0,0,50,50,0,0,1,1,0,0,50,50,0,0
707682276,4259850,4259850,2490378,0,0,0.14570768,0.14570768,0.0,0.0,4325386,4325386,2490378,0,0,0.0064446284,0.0064446284,0.0,0.0,1,1,0,0,50,50,0,0,1,1,0,0,50,50,0,0
707882227,4259850,4259850,2490378,0,0,0.14456718,0.14456718,0.0,0.0,4325386,4325386,2490378,0,0,0.0067681847,0.0067681842,0.0,0.0,1,1,0,0,50,50,0,0,1,1,0,0,50,50,0,0
708082179,4259850,4259850,2490378,0,0,0.14515205,0.14515205,0.0,0.0,4325386,4325386,2490378,0,0,0.006400937,0.006400937,0.0,0.0,1,1,0,0,50,50,0,0,1,1,0,0,50,50,0,0
708282140,4259850,4259850,2490378,0,0,0.14587066,0.14587067,0.0,0.0,4325386,4325386,2490378,0,0,0.006694014,0.0066940146,0.0,0.0,1,1,0,0,50,50,0,0,1,1,0,0,50,50,0,0
708482087,4259850,4259850,2490378,0,0,0.14587991,0.14587991,0.0,0.0,4325386,4325386,2490378,0,0,0.006488782,0.006488782,0.0,0.0,1,1,0,0,50,50,0,0,1,1,0,0,50,50,0,0
708682039,4259850,4259850,2490378,0,0,0.14848305,0.14848304,0.0,0.0,4325386,4325386,2490378,0,0,0.0057600453,0.0057600453,0.0,0.0,1,1,0,0,50,50,0,0,1,1,0,0,50,50,0,0
708881992,4259850,4259850,2490378,0,0,0.14704734,0.14704734,0.0,0.0,4325386,4325386,2490378,0,0,0.0064139836,0.0064139836,0.0,0.0,1,1,0,0,50,50,0,0,1,1,0,0,50,50,0,0
709081945,4259850,4259850,2490378,0,0,0.14272769,0.1427277,0.0,0.0,4325386,4325386,2490378,0,0,0.0065780818,0.0065780818,0.0,0.0,1,1,0,0,50,50,0,0,1,1,0,0,50,50,0,0
709281897,4259850,4259850,2490378,0,0,0.1449662,0.14496619,0.0,0.0,4325386,4325386,2490378,0,0,0.006864754,0.0068647536,0.0,0.0,1,1,0,0,50,50,0,0,1,1,0,0,50,50,0,0
709481863,4259850,4259850,2490378,0,0,0.1468326,0.14683259,0.0,0.0,4325386,4325386,2490378,0,0,0.006877241,0.006877241,0.0,0.0,1,1,0,0,50,50,0,0,1,1,0,0,50,50,0,0
709681803,4259850,4259850,2490378,0,0,0.14725086,0.14725085,0.0,0.0,4325386,4325386,2490378,0,0,0.0063777263,0.0063777263,0.0,0.0,1,1,0,0,50,50,0,0,1,1,0,0,50,50,0,0
709881756,4259850,4259850,2490378,0,0,0.14523447,0.14523447,0.0,0.0,4325386,4325386,2490378,0,0,0.006159036,0.0061590364,0.0,0.0,1,1,0,0,50,50,0,0,1,1,0,0,50,50,0,0
710081768,4259850,4259850,2490378,0,0,0.14260872,0.14260872,0.0,0.0,4325386,4325386,2490378,0,0,0.00673476,0.00673476,0.0,0.0,1,1,0,0,50,50,0,0,1,1,0,0,50,50,0,0
710281672,4259850,4259850,2490378,0,0,0.14609145,0.14609145,0.0,0.0,4325386,4325386,2490378,0,0,0.0065006125,0.006500612,0.0,0.0,1,1,0,0,50,50,0,0,1,1,0,0,50,50,0,0
710481624,4259850,4259850,2490378,0,0,0.14608024,0.14608024,0.0,0.0,4325386,4325386,2490378,0,0,0.006584374,0.0065843724,0.0,0.0,1,1,0,0,50,50,0,0,1,1,0,0,50,50,0,0
710681639,4259850,4259850,2490378,0,0,0.1489833,0.14898328,0.0,0.0,4325386,4325386,2490378,0,0,0.006409199,0.006409199,0.0,0.0,1,1,0,0,50,50,0,0,1,1,0,0,50,50,0,0
710886522,4259850,4259850,2490378,0,0,0.14940622,0.14940621,0.0,0.0,4325386,4325386,2490378,0,0,0.006722038,0.0067220377,0.0,0.0,1,1,0,0,50,50,0,0,1,1,0,0,50,50,0,0
711081491,4259850,4259850,2490378,0,0,0.14337431,0.14337431,0.0,0.0,4325386,4325386,2490378,0,0,0.006602604,0.006602605,0.0,0.0,1,1,0,0,50,50,0,0,1,1,0,0,50,50,0,0
711281443,4259850,4259850,2490378,0,0,0.14319232,0.14319234,0.0,0.0,4325386,4325386,2490378,0,0,0.0066786436,0.0066786436,0.0,0.0,1,1,0,0,50,50,0,0,1,1,0,0,50,50,0,0
711481382,4259850,4259850,2490378,0,0,0.14785963,0.14785963,0.0,0.0,4325386,4325386,2490378,0,0,0.006422665,0.006422665,0.0,0.0,1,1,0,0,50,50,0,0,1,1,0,0,50,50,0,0
711681337,4259850,4259850,2490378,0,0,0.14675093,0.1467509,0.0,0.0,4325386,4325386,2490378,0,0,0.006693207,0.006693207,0.0,0.0,1,1,0,0,50,50,0,0,1,1,0,0,50,50,0,0
711881291,4259850,4259850,2490378,0,0,0.14513202,0.14513204,0.0,0.0,4325386,4325386,2490378,0,0,0.006645437,0.006645437,0.0,0.0,1,1,0,0,50,50,0,0,1,1,0,0,50,50,0,0
712081244,4259850,4259850,2490378,0,0,0.14662905,0.14662905,0.0,0.0,4325386,4325386,2490378,0,0,0.005983285,0.005983285,0.0,0.0,1,1,0,0,50,50,0,0,1,1,0,0,50,50,0,0
712286203,4259850,4259850,2490378,0,0,0.14906892,0.1490689,0.0,0.0,4325386,4325386,2490378,0,0,0.0059684385,0.0059684385,0.0,0.0,1,1,0,0,50,50,0,0,1,1,0,0,50,50,0,0
712481154,4259850,4259850,2490378,0,0,0.14673764,0.1467376,0.0,0.0,4325386,4325386,2490378,0,0,0.0060986015,0.006098601,0.0,0.0,1,1,0,0,50,50,0,0,1,1,0,0,50,50,0,0
712681104,4259850,4259850,2490378,0,0,0.14562261,0.14562258,0.0,0.0,4325386,4325386,2490378,0,0,0.0064684097,0.0064684097,0.0,0.0,1,1,0,0,50,50,0,0,1,1,0,0,50,50,0,0
712881224,4259850,4259850,2490378,0,0,0.14679495,0.14679496,0.0,0.0,4325386,4325386,2490378,0,0,0.006677938,0.006677938,0.0,0.0,1,1,0,0,50,50,0,0,1,1,0,0,50,50,0,0
713081090,4259850,4259850,2490378,0,0,0.14621894,0.14621897,0.0,0.0,4325386,4325386,2490378,0,0,0.00618417,0.006184171,0.0,0.0,1,1,0,0,50,50,0,0,1,1,0,0,50,50,0,0
713280964,4259850,4259850,2490378,0,0,0.14638513,0.14638512,0.0,0.0,4325386,4325386,2490378,0,0,0.00634695,0.00634695,0.0,0.0,1,1,0,0,50,50,0,0,1,1,0,0,50,50,0,0
713480917,4259850,4259850,2490378,0,0,0.14438891,0.14438891,0.0,0.0,4325386,4325386,2490378,0,0,0.006930397,0.006930397,0.0,0.0,1,1,0,0,50,50,0,0,1,1,0,0,50,50,0,0
713685871,4259850,4259850,2490378,0,0,0.14611556,0.14611556,0.0,0.0,4325386,4325386,2490378,0,0,0.00637275,0.00637275,0.0,0.0,1,1,0,0,50,50,0,0,1,1,0,0,50,50,0,0
713885822,4259850,4259850,2490378,0,0,0.14696549,0.14696544,0.0,0.0,4325386,4325386,2490378,0,0,0.0066184667,0.006618466,0.0,0.0,1,1,0,0,50,50,0,0,1,1,0,0,50,50,0,0
714080793,4259850,4259850,2490378,0,0,0.14886345,0.14886346,0.0,0.0,4325386,4325386,2490378,0,0,0.0066449214,0.006644921,0.0,0.0,1,1,0,0,50,50,0,0,1,1,0,0,50,50,0,0
714280734,4259850,4259850,2490378,0,0,0.14837018,0.14837019,0.0,0.0,4325386,4325386,2490378,0,0,0.0068594133,0.006859413,0.0,0.0,1,1,0,0,50,50,0,0,1,1,0,0,50,50,0,0
714480686,4259850,4259850,2490378,0,0,0.14435522,0.14435525,0.0,0.0,4325386,4325386,2490378,0,0,0.0064838096,0.0064838096,0.0,0.0,1,1,0,0,50,50,0,0,1,1,0,0,50,50,0,0
714680643,4259850,4259850,2490378,0,0,0.14848545,0.14848547,0.0,0.0,4325386,4325386,2490378,0,0,0.006214041,0.0062140413,0.0,0.0,1,1,0,0,50,50,0,0,1,1,0,0,50,50,0,0
714880592,4259850,4259850,2490378,0,0,0.1499829,0.1499829,0.0,0.0,4325386,4325386,2490378,0,0,0.0064268624,0.0064268624,0.0,0.0,1,1,0,0,50,50,0,0,1,1,0,0,50,50,0,0
715080566,4259850,4259850,2490378,0,0,0.14560392,0.1456039,0.0,0.0,4325386,4325386,2490378,0,0,0.0066425004,0.006642501,0.0,0.0,1,1,0,0,50,50,0,0,1,1,0,0,50,50,0,0
715285497,4259850,4259850,2490378,0,0,0.14762549,0.14762549,0.0,0.0,4325386,4325386,2490378,0,0,0.0065242886,0.006524289,0.0,0.0,1,1,0,0,50,50,0,0,1,1,0,0,50,50,0,0
715485473,4259850,4259850,2490378,0,0,0.14791071,0.1479107,0.0,0.0,4325386,4325386,2490378,0,0,0.00661775,0.00661775,0.0,0.0,1,1,0,0,50,50,0,0,1,1,0,0,50,50,0,0
715680533,4259850,4259850,2490378,0,0,0.14773744,0.14773743,0.0,0.0,4325386,4325386,2490378,0,0,0.0065408186,0.0065408186,0.0,0.0,1,1,0,0,50,50,0,0,1,1,0,0,50,50,0,0
715880358,4259850,4259850,2490378,0,0,0.14563024,0.14563024,0.0,0.0,4325386,4325386,2490378,0,0,0.006404312,0.0064043123,0.0,0.0,1,1,0,0,50,50,0,0,1,1,0,0,50,50,0,0
716080309,4259850,4259850,2490378,0,0,0.14643377,0.14643382,0.0,0.0,4325386,4325386,2490378,0,0,0.0062965704,0.0062965704,0.0,0.0,1,1,0,0,50,50,0,0,1,1,0,0,50,50,0,0
716280282,4259850,4259850,2490378,0,0,0.14809123,0.14809123,0.0,0.0,4325386,4325386,2490378,0,0,0.0064214505,0.00642145,0.0,0.0,1,1,0,0,50,50,0,0,1,1,0,0,50,50,0,0
716485215,4259850,4259850,2490378,0,0,0.14574945,0.14574946,0.0,0.0,4325386,4325386,2490378,0,0,0.006444158,0.006444159,0.0,0.0,1,1,0,0,50,50,0,0,1,1,0,0,50,50,0,0
716685169,4259850,4259850,2490378,0,0,0.14753713,0.14753711,0.0,0.0,4325386,4325386,2490378,0,0,0.0061607887,0.006160789,0.0,0.0,1,1,0,0,50,50,0,0,1,1,0,0,50,50,0,0
716885124,4259850,4259850,2490378,0,0,0.14532255,0.14532256,0.0,0.0,4325386,4325386,2490378,0,0,0.006942156,0.0069421562,0.0,0.0,1,1,0,0,50,50,0,0,1,1,0,0,50,50,0,0
717085125,4259850,4259850,2490378,0,0,0.14648096,0.14648096,0.0,0.0,4325386,4325386,2490378,0,0,0.005872648,0.0058726487,0.0,0.0,1,1,0,0,50,50,0,0,1,1,0,0,50,50,0,0
717280047,4259850,4259850,2490378,0,0,0.14723247,0.14723247,0.0,0.0,4325386,4325386,2490378,0,0,0.006652117,0.006652117,0.0,0.0,1,1,0,0,50,50,0,0,1,1,0,0,50,50,0,0
717479984,4259850,4259850,2490378,0,0,0.14749669,0.14749669,0.0,0.0,4325386,4325386,2490378,0,0,0.0065362775,0.0065362775,0.0,0.0,1,1,0,0,50,50,0,0,1,1,0,0,50,50,0,0
717679939,4259850,4259850,2490378,0,0,0.14710295,0.14710294,0.0,0.0,4325386,4325386,2490378,0,0,0.006407064,0.006407064,0.0,0.0,1,1,0,0,50,50,0,0,1,1,0,0,50,50,0,0
717884891,4259850,4259850,2490378,0,0,0.14529641,0.14529641,0.0,0.0,4325386,4325386,2490378,0,0,0.006553534,0.006553534,0.0,0.0,1,1,0,0,50,50,0,0,1,1,0,0,50,50,0,0
718084843,4259850,4259850,2490378,0,0,0.14877602,0.14877602,0.0,0.0,4325386,4325386,2490378,0,0,0.006331029,0.0063310293,0.0,0.0,1,1,0,0,50,50,0,0,1,1,0,0,50,50,0,0
718284810,4259850,4259850,2490378,0,0,0.1492892,0.14928922,0.0,0.0,4325386,4325386,2490378,0,0,0.006725201,0.006725201,0.0,0.0,1,1,0,0,50,50,0,0,1,1,0,0,50,50,0,0
718484898,4259850,4259850,2490378,0,0,0.1502489,0.1502489,0.0,0.0,4325386,4325386,2490378,0,0,0.0073708454,0.007370845,0.0,0.0,1,1,0,0,50,50,0,0,1,1,0,0,50,50,0,0
718679707,4259850,4259850,2490378,0,0,0.1479015,0.14790149,0.0,0.0,4325386,4325386,2490378,0,0,0.006345789,0.0063457885,0.0,0.0,1,1,0,0,50,50,0,0,1,1,0,0,50,50,0,0
718879659,4259850,4259850,2490378,0,0,0.14530018,0.14530018,0.0,0.0,4325386,4325386,2490378,0,0,0.006301815,0.0063018156,0.0,0.0,1,1,0,0,50,50,0,0,1,1,0,0,50,50,0,0
719079620,4259850,4259850,2490378,0,0,0.14940386,0.14940387,0.0,0.0,4325386,4325386,2490378,0,0,0.0065274895,0.0065274895,0.0,0.0,1,1,0,0,50,50,0,0,1,1,0,0,50,50,0,0
719284564,4259850,4259850,2490378,0,0,0.14649196,0.14649196,0.0,0.0,4325386,4325386,2490378,0,0,0.0063627763,0.006362776,0.0,0.0,1,1,0,0,50,50,0,0,1,1,0,0,50,50,0,0
719484520,4259850,4259850,2490378,0,0,0.14830436,0.14830436,0.0,0.0,4325386,4325386,2490378,0,0,0.0066325134,0.006632513,0.0,0.0,1,1,0,0,50,50,0,0,1,1,0,0,50,50,0,0
719684469,4259850,4259850,2490378,0,0,0.14785852,0.1478585,0.0,0.0,4325386,4325386,2490378,0,0,0.00624045,0.00624045,0.0,0.0,1,1,0,0,50,50,0,0,1,1,0,0,50,50,0,0
719884422,4259850,4259850,2490378,0,0,0.14826122,0.14826122,0.0,0.0,4325386,4325386,2490378,0,0,0.006097381,0.006097381,0.0,0.0,1,1,0,0,50,50,0,0,1,1,0,0,50,50,0,0
720084377,4259850,4259850,2490378,0,0,0.14910533,0.14910533,0.0,0.0,4325386,4325386,2490378,0,0,0.0056740837,0.0056740837,0.0,0.0,1,1,0,0,50,50,0,0,1,1,0,0,50,50,0,0
720279332,4259850,4259850,2490378,0,0,0.1477784,0.1477784,0.0,0.0,4325386,4325386,2490378,0,0,0.007054075,0.007054074,0.0,0.0,1,1,0,0,50,50,0,0,1,1,0,0,50,50,0,0
720479283,4259850,4259850,2490378,0,0,0.14901192,0.14901192,0.0,0.0,4325386,4325386,2490378,0,0,0.0065719527,0.0065719523,0.0,0.0,1,1,0,0,50,50,0,0,1,1,0,0,50,50,0,0
720684238,4259850,4259850,2490378,0,0,0.14546418,0.14546421,0.0,0.0,4325386,4325386,2490378,0,0,0.0060855923,0.0060855923,0.0,0.0,1,1,0,0,50,50,0,0,1,1,0,0,50,50,0,0
720884192,4259850,4259850,2490378,0,0,0.1471259,0.1471259,0.0,0.0,4325386,4325386,2490378,0,0,0.0062725074,0.0062725074,0.0,0.0,1,1,0,0,50,50,0,0,1,1,0,0,50,50,0,0
721084145,4259850,4259850,2490378,0,0,0.14697051,0.14697051,0.0,0.0,4325386,4325386,2490378,0,0,0.0068827313,0.006882731,0.0,0.0,1,1,0,0,50,50,0,0,1,1,0,0,50,50,0,0
721284142,4259850,4259850,2490378,0,0,0.1480225,0.1480225,0.0,0.0,4325386,4325386,2490378,0,0,0.0066083986,0.0066083986,0.0,0.0,1,1,0,0,50,50,0,0,1,1,0,0,50,50,0,0
721484052,4259850,4259850,2490378,0,0,0.14710885,0.14710888,0.0,0.0,4325386,4325386,2490378,0,0,0.0067304773,0.0067304773,0.0,0.0,1,1,0,0,50,50,0,0,1,1,0,0,50,50,0,0
721684007,4259850,4259850,2490378,0,0,0.14818425,0.14818428,0.0,0.0,4325386,4325386,2490378,0,0,0.006900268,0.006900268,0.0,0.0,1,1,0,0,50,50,0,0,1,1,0,0,50,50,0,0
721879004,4259850,4259850,2490378,0,0,0.14446262,0.14446263,0.0,0.0,4325386,4325386,2490378,0,0,0.0067459266,0.0067459266,0.0,0.0,1,1,0,0,50,50,0,0,1,1,0,0,50,50,0,0
722083914,4259850,4259850,2490378,0,0,0.14622116,0.14622116,0.0,0.0,4325386,4325386,2490378,0,0,0.006712371,0.0067123706,0.0,0.0,1,1,0,0,50,50,0,0,1,1,0,0,50,50,0,0
722283849,4259850,4259850,2490378,0,0,0.14412558,0.1441256,0.0,0.0,4325386,4325386,2490378,0,0,0.0064719487,0.0064719487,0.0,0.0,1,1,0,0,50,50,0,0,1,1,0,0,50,50,0,0
722483822,4259850,4259850,2490378,0,0,0.14607441,0.14607441,0.0,0.0,4325386,4325386,2490378,0,0,0.00639983,0.00639983,0.0,0.0,1,1,0,0,50,50,0,0,1,1,0,0,50,50,0,0
722683773,4259850,4259850,2490378,0,0,0.1472786,0.1472786,0.0,0.0,4325386,4325386,2490378,0,0,0.0069418172,0.0069418177,0.0,0.0,1,1,0,0,50,50,0,0,1,1,0,0,50,50,0,0
722883725,4259850,4259850,2490378,0,0,0.1476465,0.1476465,0.0,0.0,4325386,4325386,2490378,0,0,0.006096531,0.006096531,0.0,0.0,1,1,0,0,50,50,0,0,1,1,0,0,50,50,0,0
723083681,4259850,4259850,2490378,0,0,0.14848053,0.14848053,0.0,0.0,4325386,4325386,2490378,0,0,0.0059633064,0.0059633064,0.0,0.0,1,1,0,0,50,50,0,0,1,1,0,0,50,50,0,0
723283636,4259850,4259850,2490378,0,0,0.1491342,0.14913419,0.0,0.0,4325386,4325386,2490378,0,0,0.006419769,0.006419769,0.0,0.0,1,1,0,0,50,50,0,0,1,1,0,0,50,50,0,0
723483670,4259850,4259850,2490378,0,0,0.14719333,0.14719333,0.0,0.0,4325386,4325386,2490378,0,0,0.006560155,0.0065601543,0.0,0.0,1,1,0,0,50,50,0,0,1,1,0,0,50,50,0,0
723683561,4259850,4259850,2490378,0,0,0.14862683,0.14862683,0.0,0.0,4325386,4325386,2490378,0,0,0.0063799997,0.006379999,0.0,0.0,1,1,0,0,50,50,0,0,1,1,0,0,50,50,0,0
723883493,4259850,4259850,2490378,0,0,0.14790802,0.147908,0.0,0.0,4325386,4325386,2490378,0,0,0.006421327,0.006421328,0.0,0.0,1,1,0,0,50,50,0,0,1,1,0,0,50,50,0,0
724083461,4259850,4259850,2490378,0,0,0.14512958,0.14512958,0.0,0.0,4325386,4325386,2490378,0,0,0.006433796,0.006433796,0.0,0.0,1,1,0,0,50,50,0,0,1,1,0,0,50,50,0,0
724283398,4259850,4259850,2490378,0,0,0.14856394,0.14856394,0.0,0.0,4325386,4325386,2490378,0,0,0.005606657,0.005606657,0.0,0.0,1,1,0,0,50,50,0,0,1,1,0,0,50,50,0,0
724483365,4259850,4259850,2490378,0,0,0.14544481,0.14544481,0.0,0.0,4325386,4325386,2490378,0,0,0.00649921,0.00649921,0.0,0.0,1,1,0,0,50,50,0,0,1,1,0,0,50,50,0,0
724683445,4259850,4259850,2490378,0,0,0.14889817,0.14889817,0.0,0.0,4325386,4325386,2490378,0,0,0.0064246207,0.0064246207,0.0,0.0,1,1,0,0,50,50,0,0,1,1,0,0,50,50,0,0
724883260,4259850,4259850,2490378,0,0,0.14614326,0.14614326,0.0,0.0,4325386,4325386,2490378,0,0,0.006484168,0.0064841677,0.0,0.0,1,1,0,0,50,50,0,0,1,1,0,0,50,50,0,0
725083213,4259850,4259850,2490378,0,0,0.14905447,0.14905444,0.0,0.0,4325386,4325386,2490378,0,0,0.0065354654,0.0065354654,0.0,0.0,1,1,0,0,50,50,0,0,1,1,0,0,50,50,0,0
725283165,4259850,4259850,2490378,0,0,0.14753984,0.14753985,0.0,0.0,4325386,4325386,2490378,0,0,0.0066774413,0.0066774413,0.0,0.0,1,1,0,0,50,50,0,0,1,1,0,0,50,50,0,0
725483120,4259850,4259850,2490378,0,0,0.14575021,0.14575021,0.0,0.0,4325386,4325386,2490378,0,0,0.0065619247,0.0065619247,0.0,0.0,1,1,0,0,50,50,0,0,1,1,0,0,50,50,0,0
725683070,4259850,4259850,2490378,0,0,0.14707933,0.1470793,0.0,0.0,4325386,4325386,2490378,0,0,0.0066401795,0.0066401786,0.0,0.0,1,1,0,0,50,50,0,0,1,1,0,0,50,50,0,0
725883024,4259850,4259850,2490378,0,0,0.1484118,0.14841181,0.0,0.0,4325386,4325386,2490378,0,0,0.006214236,0.006214236,0.0,0.0,1,1,0,0,50,50,0,0,1,1,0,0,50,50,0,0
726082980,4259850,4259850,2490378,0,0,0.14725453,0.14725451,0.0,0.0,4325386,4325386,2490378,0,0,0.0066596116,0.0066596116,0.0,0.0,1,1,0,0,50,50,0,0,1,1,0,0,50,50,0,0
726282932,4259850,4259850,2490378,0,0,0.14597324,0.14597325,0.0,0.0,4325386,4325386,2490378,0,0,0.00619637,0.00619637,0.0,0.0,1,1,0,0,50,50,0,0,1,1,0,0,50,50,0,0
726482886,4259850,4259850,2490378,0,0,0.14820331,0.14820331,0.0,0.0,4325386,4325386,2490378,0,0,0.006405975,0.006405975,0.0,0.0,1,1,0,0,50,50,0,0,1,1,0,0,50,50,0,0
726682840,4259850,4259850,2490378,0,0,0.1493213,0.14932132,0.0,0.0,4325386,4325386,2490378,0,0,0.006567854,0.006567854,0.0,0.0,1,1,0,0,50,50,0,0,1,1,0,0,50,50,0,0
726882807,4259850,4259850,2490378,0,0,0.14908536,0.14908537,0.0,0.0,4325386,4325386,2490378,0,0,0.0065824264,0.0065824264,0.0,0.0,1,1,0,0,50,50,0,0,1,1,0,0,50,50,0,0
727082779,4259850,4259850,2490378,0,0,0.14743075,0.14743075,0.0,0.0,4325386,4325386,2490378,0,0,0.0062016076,0.006201607,0.0,0.0,1,1,0,0,50,50,0,0,1,1,0,0,50,50,0,0
727282697,4259850,4259850,2490378,0,0,0.14797387,0.14797387,0.0,0.0,4325386,4325386,2490378,0,0,0.0065625976,0.006562597,0.0,0.0,1,1,0,0,50,50,0,0,1,1,0,0,50,50,0,0
727482753,4259850,4259850,2490378,0,0,0.14793624,0.14793622,0.0,0.0,4325386,4325386,2490378,0,0,0.006417271,0.006417271,0.0,0.0,1,1,0,0,50,50,0,0,1,1,0,0,50,50,0,0
727682614,4259850,4259850,2490378,0,0,0.14654307,0.14654306,0.0,0.0,4325386,4325386,2490378,0,0,0.0064048134,0.0064048134,0.0,0.0,1,1,0,0,50,50,0,0,1,1,0,0,50,50,0,0
727882568,4259850,4259850,2490378,0,0,0.14545268,0.14545271,0.0,0.0,4325386,4325386,2490378,0,0,0.0065095164,0.0065095164,0.0,0.0,1,1,0,0,50,50,0,0,1,1,0,0,50,50,0,0
728082519,4259850,4259850,2490378,0,0,0.14641248,0.14641249,0.0,0.0,4325386,4325386,2490378,0,0,0.006430961,0.006430961,0.0,0.0,1,1,0,0,50,50,0,0,1,1,0,0,50,50,0,0
728282475,4259850,4259850,2490378,0,0,0.14628798,0.14628796,0.0,0.0,4325386,4325386,2490378,0,0,0.006722671,0.006722671,0.0,0.0,1,1,0,0,50,50,0,0,1,1,0,0,50,50,0,0
728482427,4259850,4259850,2490378,0,0,0.14697027,0.14697029,0.0,0.0,4325386,4325386,2490378,0,0,0.0064879437,0.0064879446,0.0,0.0,1,1,0,0,50,50,0,0,1,1,0,0,50,50,0,0
728682424,4259850,4259850,2490378,0,0,0.14851633,0.14851633,0.0,0.0,4325386,4325386,2490378,0,0,0.0067070974,0.0067070974,0.0,0.0,1,1,0,0,50,50,0,0,1,1,0,0,50,50,0,0
728882339,4259850,4259850,2490378,0,0,0.1464075,0.1464075,0.0,0.0,4325386,4325386,2490378,0,0,0.006447181,0.006447181,0.0,0.0,1,1,0,0,50,50,0,0,1,1,0,0,50,50,0,0
729082295,4259850,4259850,2490378,0,0,0.14954709,0.14954709,0.0,0.0,4325386,4325386,2490378,0,0,0.007037899,0.0070378985,0.0,0.0,1,1,0,0,50,50,0,0,1,1,0,0,50,50,0,0
729282249,4259850,4259850,2490378,0,0,0.14793782,0.14793779,0.0,0.0,4325386,4325386,2490378,0,0,0.006858979,0.006858979,0.0,0.0,1,1,0,0,50,50,0,0,1,1,0,0,50,50,0,0
729482211,4259850,4259850,2490378,0,0,0.14590997,0.14590997,0.0,0.0,4325386,4325386,2490378,0,0,0.0067546535,0.0067546535,0.0,0.0,1,1,0,0,50,50,0,0,1,1,0,0,50,50,0,0
